0.6969321,0.9857194,0.7240396,1,0.7058541,0.9554631,0.69603,0.8915963,0.6251245,0.9415447,0.02030345,0,0.231833,0.7759461,0.02186095,0.6427394,0.05345235,0.6109973,0.1775634,0.6181673,0.02030345,0,0.6499518,0.6400816,0.9957088,0.6002992,0.8585452,0.5253039,0.6610454,0.4761433,0.02030345,0,0.1580386,0.2185336,0.07975888,0.1524942,0.02030345,0,0.02030345,0,0.02030345,0, Lighting
0.5060548,0.8654484,0.6079308,0.9772035,0.6808688,0.97834,0.6305616,0.9586883,0.4209637,0.8329448,0.2671706,0.7490286,0.2196488,0.6728153,0.184213,0.5902559,0.3116061,0.5925486,0.7284268,0.6267846,0.9807547,0.6084887,0.9807547,0.6084887,0.9970756,0.5807592,0.8221837,0.531677,0.6300684,0.4554949,0.3052854,0.3110799,0.1443374,0.24943,0.07237469,0.2019037,0,0.108878,0.1544367,0,0.1544367,0, Lighting
0.6644883,0.8244326,0.7011278,0.9052004,0.6874198,0.9979722,0.6387274,0.9923001,0.6088708,0.9461375,0.3065362,0.7289486,0.1554763,0.6319547,0,0.4827784,0.1288793,0.4628758,0.5040227,0.491933,0.8400093,0.5520192,0.9610318,0.533866,0.99766,0.5065612,0.9239252,0.4564225,0.7047518,0.3379363,0.4738772,0.1915396,0.3574001,0.1322616,0.305226,0.07100336,0.287422,0.06261794,0.2926518,0.003190271,0.3656296,0, Lighting
0.6460819,0.9818323,0.6451042,0.9975197,0.5111788,0.8944741,0.1578251,0.669787,0,0.567442,0.504595,0.6063751,0.9331372,0.6505088,1,0.628803,0.8209074,0.5295916,0.4546595,0.3447027,0.3344912,0.08336483,0.1954035,0.2460318,0.3431825,0.167746,0.4502455,0.173485,0.4543525,0.1702761,0.4580644,0.170259,0.455259,0.1583651,0.4480422,0.1474741,0.366111,0.1765409,0.4503869,0.1455351,0.366111,0.1765409, Lighting
0.5816941,0.8739539,0.581888,0.9868901,0.5828876,0.9975421,0.5149989,0.9645703,0.4064401,0.8979698,0.207595,0.7920151,0.02183178,0.6606358,0,0.6117654,0.2753373,0.61527,0.5744278,0.6266266,0.75314,0.6399052,1,0.6214326,0.9465953,0.6000614,0.7558339,0.5125567,0.6348328,0.4388121,0.4465417,0.1180524,0.1441164,0,0.1441164,0,0.1983789,0.1777234,0.3091289,0.1691169,0.3091289,0.1691169, Lighting
0.6302826,0.9078581,0.6345807,1,0.4110079,0.8878734,0.1595142,0.771,0,0.6443478,0.5061774,0.6423699,0.9244163,0.6537147,0.9918125,0.6185459,0.8194013,0.5584269,0.4190111,0.3033548,0.2552256,0.2931798,0.2988845,0,0.2683718,0.2437289,0.4136329,0.2434519,0.4308816,0.2298603,0.4388749,0.2273948,0.4569742,0.2224213,0.471395,0.2348644,0.479061,0.2479671,0.4651116,0.2517348,0.4600144,0.2665222, Lighting
0.5396662,0.8443578,0.5640776,0.9792104,0.5606734,1,0.5254148,0.9542822,0.4079031,0.8343208,0.2103921,0,0.06554144,0.5624944,0,0.4523441,0.2551627,0.4526238,0.4326818,0.4364058,0.2103921,0,0.981511,0.4763699,0.9812989,0.4553281,0.8250552,0.4083575,0.5697342,0.2862872,0.2103921,0,0.2471153,0.1742502,0.1612465,0.05982624,0.1063075,0.02856802,0.2103921,0,0.2103921,0, Lighting
0.6072595,0.8534228,0.6112397,1,0.5825431,0.9957604,0.4106276,0.9046624,0.2780904,0.7916101,0.07389403,0.5990619,0.01251471,0.5232297,0.09971762,0.4544452,0.09971762,0.4544452,0.5885633,0.4928429,0.8930903,0.5201117,0.9725028,0.485669,0.9964523,0.456654,0.9532127,0.4079203,0.733223,0.2600114,0.6278171,0.1776456,0.3845133,0.03315867,0.3359151,0.00212224,0.3297115,0.004650965,0.3817558,0.06339531,0.3817558,0.06339531, Lighting
0.4997086,0.705602,0.5402494,0.9152311,0.5648338,0.9776738,0.5771664,0.9877352,0.5041043,0.9923838,0.2408211,0.8730755,0.09177338,0.7914875,0,0.6929733,0.1037441,0.626208,0.4779317,0.6281679,0.7439461,0.6307532,0.9784163,0.6063852,1,0.5799801,0.854575,0.5032373,0.6285726,0.3404954,0.5114726,0.2170688,0.4127668,0.1408782,0.3413946,0.01780709,0.3184719,0,0.3389305,0.02530085,0.3389305,0.02530085, Lighting
0.5934787,0.9078165,0.5811675,1,0.5382776,0.9837669,0.4071897,0.8526083,0.2691664,0.7488218,0.05681716,0.5963532,0,0.5277424,0.08252063,0.4811426,0.3578104,0.5044032,0.5235062,0.506627,0.8946792,0.5087326,1,0.4869221,0.9346434,0.4666973,0.8748826,0.4342729,0.635019,0.2808705,0.5185664,0.2160776,0.3999207,0.08260407,0.379241,0.06128952,0.344674,0.01062429,0.3422245,0,0.3422245,0, Lighting
0.5323501,0.8714043,0.5939958,0.992496,0.5904033,1,0.5538846,0.9946417,0.4310947,0.9209192,0.1150759,0.7151757,0.06463302,0.6608474,0,0.5762417,0.07917123,0.55268,0.1891989,0.5406625,0.5828733,0.5718449,0.9478607,0.5739523,1,0.5468572,0.9333919,0.5470749,0.7223841,0.4308898,0.6197562,0.3492958,0.4240135,0.1721186,0.273643,0.04723898,0.2283999,0,0.2399239,0.01676719,0.2399239,0.01676719, Lighting
0.5679069,0.6749108,0.5725634,0.7718849,0.608124,0.9256635,0.6417165,1,0.5765107,0.9940771,0.267087,0.7987195,0.1474543,0.7123303,0,0.559357,0.2152161,0.5504472,0.3862298,0.5620281,0.8609142,0.5926558,0.9606028,0.5849151,0.9710665,0.5167789,0.91487,0.4866082,0.677121,0.3242705,0.5890983,0.2491304,0.4568653,0.06747725,0.4064601,0.02017294,0.3956569,0.003275526,0.3985015,0,0.3985015,0, Lighting
0.6009609,0.9399559,0.5515016,0.9963703,0.4640614,0.9702404,0.387411,0.8872758,0.2129599,0.7884706,0,0.6067077,0.01038625,0.5470006,0.3119076,0.5271509,0.7172255,0.5507524,0.8972024,0.546118,0.99628,0.5096478,0.9247488,0.4792141,0.8539806,0.4323198,0.5753672,0.2767744,0.5753672,0.2767744,0.390019,0.155965,0.2510432,0.04121969,0.1868708,0.02084051,0.1922876,0,0.1922876,0,0.1922876,0, Lighting
0.3505348,0.8329578,0.4158842,0.9188136,0.4675163,0.9865435,0.4770254,0.9927261,0.4254978,0.9528388,0.2198085,0.8034201,0.07466099,0.6922957,0.009029732,0.6170239,0.1014301,0.529604,0.448888,0.5672207,0.8474231,0.5569494,0.9467095,0.5437183,1,0.5120107,0.9320948,0.4656591,0.6119728,0.3207393,0.4540038,0.2145592,0.3351393,0.1366483,0.1845495,0.02397735,0.1241268,0.01627981,0.08767603,0,0.08767603,0, Lighting
0.5133635,0.9715964,0.5591558,1,0.5729321,0.9968703,0.5051488,0.9157165,0.1675456,0.7135029,0.07713414,0.6371514,0,0.5449821,0.09439673,0.4769405,0.2627358,0.4916381,0.6522528,0.5271312,0.9527015,0.5056162,0.9881014,0.4846858,1,0.4741833,0.8850219,0.4073306,0.6097977,0.2482935,0.5187321,0.137446,0.4329747,0.07498904,0.3695364,0.03064193,0.3241455,0.02925918,0.3140869,0,0.3140869,0, Lighting
0.4080725,0.8468792,0.4205113,0.9498723,0.4428287,0.9864657,0.4533581,0.990609,0.4083716,0.9519066,0.2829704,0.8678297,0.04908395,0.6988342,0.02885669,0.5863922,0.2988315,0.6076354,0.2988315,0.6076354,0.7062662,0.6482539,0.9818653,0.6245075,1,0.5987383,0.9588003,0.5768251,0.653188,0.4562139,0.3843867,0,0.2707036,0.2030698,0.1711497,0.1782184,0.2051071,0.1927147,0.2117265,0.216766,0.2117265,0.216766, Lighting
0.4609404,0.8813648,0.5135671,0.9760876,0.5406162,1,0.5429738,0.9767181,0.4419703,0.8988032,0.1565984,0.6150898,0,0.4685236,0,0.4685236,0.1859778,0.4452996,0.5736934,0.5062902,0.8180581,0.5437414,0.9720451,0.5561047,0.9742745,0.548459,0.9070922,0.5119856,0.6744775,0.3318111,0.5979546,0.2050062,0.4439832,0.008920661,0.4287691,0,0.391789,0.011464,0.4267542,0.007393883,0.4267542,0.007393883, Lighting
0.4133875,0.8803871,0.4316241,0.9676586,0.4689406,0.993203,0.4689406,0.993203,0.3696679,0.8663128,0.1051765,0.6680542,0,0.5623009,0.001689229,0.5146309,0.254761,0.5265241,0.4434893,0.5804906,0.6543501,0.6091864,0.9392667,0.618314,1,0.5900929,0.9060365,0.535885,0.783461,0.4590334,0.6287298,0.3692531,0.3916008,0.173429,0.3530374,0.1106005,0.2815069,0.05862853,0.2302261,0,0.2302261,0, Lighting
0.4540967,0.8387133,0.4822669,0.9617246,0.5077854,0.9961991,0.4488976,0.967604,0.3797082,0.8941289,0.2250932,0.7802783,0.03922024,0.6111858,0.04948208,0.5146636,0.1763316,0.5151562,0.3833335,0.5534062,0.7589731,0.5627193,0.920099,0.5499086,1,0.5159186,0.9746456,0.4780495,0.8099903,0.3097189,0.7080882,0.2329354,0.6049345,0.09445359,0.5083466,0,0.4775698,0.004745139,0.5130126,0.008250966,0.5130126,0.008250966, Lighting
0.4480226,0.8976128,0.49738,0.9897655,0.5027953,1,0.4047699,0.9263065,0.4047699,0.9263065,0.1721114,0.7100673,0.04931525,0.6116812,0,0.5346999,0.01278072,0.4946226,0.1082177,0.5002306,0.2861458,0.5422857,0.5238732,0.5944176,0.6954777,0.6127362,0.9823979,0.6371968,1,0.6125585,0.9386525,0.5839383,0.8566392,0.5212346,0.8566392,0.5212346,0.5410697,0.2801573,0.4370106,0,0.4370106,0, Lighting
0.5106274,0.9081039,0.5106274,0.9081039,0.5133021,1,0.508901,0.9974619,0.4850382,0.9878479,0.4082903,0.9249787,0.1589815,0.7231156,0.1589815,0.7231156,0.05899728,0.6253819,0,0.5321536,0.06397648,0.4963378,0.2196184,0.4904817,0.4317389,0.5033604,0.6373954,0.5055997,0.8211786,0.5176302,0.980745,0.5010818,1,0.4623493,0.9588221,0.4409837,0.8952247,0.3974712,0.6891288,0,0.6891288,0, Lighting
0.5131541,0.8225652,0.5956312,0.9844477,0.5848562,0.9969623,0.4782999,0.9222692,0.3281279,0.8245561,0.03135853,0.675602,0.22001,0.5916474,0.6208966,0.6226398,0.8104827,0.6245661,0.9800292,0.5519291,0.8897561,0.5067272,0.4302922,0.1101672,0.2917663,0.07232983,0.3582198,0.003942752,0.3633499,0.005803406,0.3977471,0.02036119,0.3929461,0.01879193,0.385621,0.03192886,0.4088815,0.02037653,0.4051521,0.02357514,0.4199352,0.02819994, Lighting
0.5417922,0.6238651,0.5096848,0.7169105,0.5556235,0.8787543,0.545395,1,0.5181193,0.9841017,0.4457467,0.9364089,0.04913672,0.6687505,0,0.5876693,0.05260125,0.5667766,0.3266957,0.5988661,0.6604802,0.6512498,0.8062295,0.6713017,0.9923869,0.6631885,0.9778987,0.5985222,0.8269053,0.4919573,0.6264244,0.3424393,0.5680612,0.2584816,0.4707145,0.1172511,0.3991253,0.0486658,0.370838,0,0.370838,0, Lighting
0.5641321,0.8345402,0.5641321,0.8345402,0.5995551,0.9911165,0.5647526,1,0.3552314,0.8716747,0.1968573,0.7726724,0.05988155,0.6722996,0.03642039,0.547828,0.2119211,0.5522934,0.2119211,0.5522934,0.3256234,0,0.8872718,0.6057584,1,0.5437672,0.9718049,0.5173296,0.7576539,0.3780712,0.6121129,0.298752,0.524623,0.1747974,0.3790816,0.03363318,0.3256234,0,0.3256234,0,0.3256234,0, Lighting
0.5133754,0.6065935,0.6373435,0.708603,0.711586,0.9684609,0.7007747,1,0.6674354,0.9960246,0.5053567,0.8896852,0.3515078,0.7847193,0.160118,0.688169,0,0.5355404,0.02280806,0.5009889,0.1324414,0.4924515,0.5858744,0.5229105,0.7658696,0.5213898,0.9881271,0.4868438,1,0.4662463,0.9756817,0.4347972,0.7690672,0.2969736,0.508128,0.09443799,0.508128,0.09443799,0.3715616,0,0.3715616,0, Lighting
0.4872565,0.5323194,0.5696894,0.7263788,0.5730321,0.936946,0.5653474,0.996145,0.5237266,1,0.4449457,0.9693858,0.3290707,0.8122937,0.08091998,0.5395089,0.08091998,0.5395089,0,0.3933013,0.02355145,0.3456713,0.3418483,0.3115356,0.3418483,0.3115356,0.560594,0.3192705,0.7347588,0.2520198,1,0.2237385,0.985663,0.1823916,0.9241036,0.1307172,0.9241036,0.1307172,0.8507101,0,0.8507101,0, Lighting
0.5555865,0.8681772,0.5502276,0.9414302,0.5485567,0.9811999,0.5343449,0.9994013,0.476995,0.965407,0.2390025,0.7862154,0.02555086,0.570563,0,0.4807365,0.1969057,0.4627235,0.5633184,0.5248742,0.285919,0,1,0.502823,0.998299,0.4905049,0.8314857,0.4420379,0.5706104,0.2533601,0.4214582,0.08574498,0.4214582,0.08574498,0.2852468,0.002038345,0.2989784,0.01122958,0.285919,0,0.285919,0, Lighting
0.5371612,0.8772959,0.5566501,0.9680105,0.5429654,1,0.500517,0.9788276,0.4340652,0.9325525,0.1768308,0.7527012,0.05592513,0.6774682,0,0.5935403,0.1553709,0.5318363,0.5716056,0.5918556,0.2701249,0,0.9373204,0.6153681,1,0.6009315,0.9511633,0.580391,0.835286,0.533132,0.5476298,0.3284378,0.4280767,0.2101761,0.3748734,0.131863,0.2759002,0.06158191,0.2701249,0,0.2701249,0, Lighting
0.5440119,0.7230664,0.5549608,0.8472903,0.6832611,0.9877871,0.670733,0.9928477,0.6239955,0.9697884,0.3985034,0.8257772,0.1673245,0.6780434,0.1673245,0.6780434,0.05644401,0.5335253,0.410943,0.5642375,0.410943,0.5642375,0.9690547,0.5999229,0.9993992,0.5685624,0.9479955,0.5401193,0.6028478,0.3636679,0.3954547,0.1658743,0.3281988,0.1063402,0.3327469,0.06374518,0.3611969,0,0.3611969,0,0.3611969,0, Lighting
0.5961943,0.6137547,0.6138838,0.7144326,0.670189,0.9261628,0.7064529,0.9864766,0.481542,0.9436362,0.1868944,0.7869433,0.05277791,0.7166429,0.1799728,0.6256395,0.3943613,0.6471449,0.7993826,0.6674269,0.9997984,0.6727679,0.9463747,0.6252444,0.6058066,0.4740852,0.5186535,0.41131,0.3336217,0.2054953,0.2475126,0.135024,0.2502781,0.09676267,0.3800317,0,0.4095335,0.01425645,0.4051639,0.007437548,0.419819,0.01459216, Lighting
0.6461328,0.900049,0.6857359,0.9809001,0.6992256,1,0.5755165,0.9471963,0.445885,0.8657012,0.2044308,0.7584791,0,0.6139953,0.07009894,0.5920268,0.2139408,0.5902793,0.6799602,0.65354,0.9665924,0.6455872,0.97047,0.5895443,0.834148,0.536451,0.6949953,0.4314718,0.4675753,0.244083,0.3758034,0.1566918,0.2975038,0.08583464,0.213767,0.04810986,0.1851015,0.01012819,0.2079155,0,0.2079155,0, Lighting
0.6700765,0.9434367,0.670302,0.9920399,0.6081145,0.992156,0.6081145,0.992156,0.3251702,0.8634048,0.1863503,0.7760507,0.01191517,0.6413633,0,0.6021947,0.1176637,0.5870419,0.6071274,0.6364686,0.8087964,0.6361766,0.9588499,0.6174104,0.9692277,0.5590735,0.9692277,0.5590735,0.761511,0.4389613,0.5826259,0.2711305,0.481839,0.1812989,0.446749,0.1107227,0.3806519,0.05357967,0.3361627,0,0.3361627,0, Lighting
0.6536791,0.9531026,0.692402,0.9957666,0.6802303,1,0.6162682,0.9768485,0.5014195,0.8819284,0.199562,0.680416,0.199562,0.680416,0,0.4955581,0.08609634,0.4941212,0.260545,0.5098083,0.4186907,0,0.7198535,0.5891904,0.9823024,0.6011263,1,0.5852812,0.9484435,0.5481851,0.8365245,0.4646752,0.5886759,0.2371089,0.5072476,0.1030047,0.4186907,0,0.4186907,0,0.4186907,0, Lighting
0.5375203,0.7164564,0.5375203,0.7164564,0.6661702,0.9445617,0.6432306,1,0.601001,0.9983726,0.3944193,0.9327286,0.2256396,0.8604295,0,0.7183716,0,0.7183716,0.1279497,0.7008549,0.3638021,0,0.7294235,0.7073511,0.8955759,0.7107655,1,0.6543593,0.8337398,0.5316299,0.6616794,0.4098005,0.5944236,0.3347077,0.4586728,0.1587189,0.4280356,0.0710679,0.3638021,0,0.3638021,0, Lighting
0.700905,0.876218,0.6909455,0.9447702,0.6908374,1,0.6454701,0.986845,0.4499435,0.8708627,0.2342644,0,0,0.6081074,0.03698074,0.5670731,0.3925655,0.5855628,0.3925655,0.5855628,0.2342644,0,0.9819238,0.6215515,0.9518831,0.6023597,0.8732153,0.5263128,0.756024,0.4553832,0.2342644,0,0.3673417,0.1542952,0.3133233,0.1245413,0.2259683,0.02732093,0.2342644,0,0.2342644,0, Lighting
0.6247959,0.9256329,0.5962195,0.9830693,0.2475117,0,0.4991595,0.9854071,0.2475117,0,0.1053954,0.6988797,0.2475117,0,0.000324713,0.5536422,0.2475117,0,0.7586758,0.6409435,0.2475117,0,0.9872723,0.6308809,0.2475117,0,0.9140901,0.5569647,0.2475117,0,0.5685997,0.2905286,0.2475117,0,0.3776719,0.1014452,0.2475117,0,0.2475117,0,0.2475117,0, Lighting
0.6094201,0.9125023,0.6184713,0.9642419,0.595818,1,0.5110569,0.9470167,0.2175111,0.7852799,0.07726308,0.6842804,0,0.5496123,0.1212929,0.5561199,0.3265777,0.5899989,0.7234048,0.6662981,0.8931028,0.6920687,1,0.6558889,0.9821239,0.6391396,0.8260431,0.5294139,0.657861,0.3866963,0.5798652,0.3021479,0.5075018,0.2428489,0.4737026,0.1682633,0.4056197,0,0.4056197,0,0.4056197,0, Lighting
0.4511357,0.531733,0.5035772,0.7874761,0.5296161,0.8907517,0.5636828,0.9821477,0.5292833,1,0.4714965,0.9898888,0.360615,0.9387546,0.08088756,0.7750136,0,0.6942748,0.2266927,0.6876429,0.6651191,0.6744147,0.9536324,0.6310107,1,0.5839456,0.8686523,0.5025218,0.6620532,0.3435687,0.5714848,0.2836008,0.4148877,0.1619518,0.3610933,0.1127924,0.3005976,0.04990607,0.3463389,0,0.3463389,0, Lighting
0.5634435,0.9090012,0.5157474,0.9720343,0.4507093,0.9791676,0.4507093,0.9791676,0.4602993,0,0.03288532,0.6692817,0,0.6047102,0.06559131,0.5918106,0.4602993,0,0.6147306,0.5972509,0.9406337,0.6069708,0.9406337,0.6069708,0.4602993,0,0.8195381,0.3866379,0.7415653,0.3079571,0.6693022,0.2243193,0.4602993,0,0.606764,0.1010918,0.5013617,0.03564463,0.4602993,0,0.4602993,0, Lighting
0.6470415,1,0.4872717,0.9674922,0.3839442,0.9254755,0.04812281,0.8002264,0.03820649,0.7129551,0.3226077,0.03165953,0.9828972,0.6811699,0.7390899,0.5538166,0.3319118,0.3034674,0.2941259,0.06206154,0.3226077,0.03165953,0.2993661,0,0.297768,0.003156564,0.2959718,0.01912363,0.2915315,0.02965107,0.3226077,0.03165953,0.294501,0.0450228,0.3104189,0.03041828,0.3178137,0.03573011,0.351591,0.02478107,0.3226077,0.03165953, Lighting
0.4581505,0.3860838,0.5720384,0.6527159,0.6827573,0.8820177,0.7175211,0.9835254,0.7399262,1,0.367092,0.8244444,0.04970528,0.659135,0.06321502,0.5623962,0.2872815,0.5844482,0.8807298,0.6141412,1,0.5726364,0.8734142,0.505168,0.6149289,0.3918043,0.3387921,0.2141963,0.2349371,0.1708701,0.1684088,0.1116228,0.1569759,0.09831402,0.1292569,0.0841655,0.05751958,0.05335254,0.1451053,0,0.1451053,0, Lighting
0.6269523,0.5595536,0.6965173,0.7402278,0.7271012,0.9138277,0.7496324,0.9903851,0.7495334,1,0.6314069,0.9406475,0.3595729,0.818878,0.180658,0.7338501,0,0.6141438,0.1849782,0.6093792,0.6183541,0.6711943,0.9547819,0.6835252,0.9979259,0.6675399,0.9469081,0.6235561,0.7078386,0.4996184,0.6155026,0.4194599,0.4317511,0.2277365,0.2349193,0.09389717,0.2445254,0.04365018,0.3476612,0.01264724,0.3476612,0.01264724, Lighting
0.5722649,0.6610507,0.6285363,0.7736418,0.7142406,0.8960594,0.7219118,0.9901498,0.6552893,0.9829878,0.5722364,0.9582605,0.4788806,0.9032575,0,0.7041287,0.0156124,0.6630456,0.1253488,0.6693894,0.4806468,0.6851189,0.8638949,0.6759435,0.9728372,0.6513195,0.9293267,0.5968775,0.8630869,0.55208,0.6020386,0.4159727,0.4937373,0.3224844,0.3074622,0.1451599,0.1968621,0.02630418,0.1642301,0,0.1642301,0, Lighting
0.6227578,0.9057685,0.5936023,0.9679242,0.5936023,0.9679242,0.5772257,1,0.5014817,0.9541896,0.1935957,0.7712089,0.06643561,0.6994361,0,0.6285123,0.07941028,0.5943171,0.2054788,0.6046476,0.6115216,0.6445026,0.9670746,0.6662399,0.9670746,0.6662399,0.9884678,0.6263708,0.8342423,0.5060835,0.7261063,0.4206756,0.6044039,0.3277523,0.4787997,0.1229474,0.370963,0,0.370963,0,0.370963,0, Lighting
0.7969142,0.8552678,0.7959789,0.9733564,0.8324046,1,0.774672,0.9884273,0.6574448,0.9429675,0.505271,0.8686729,0.1103446,0.6805958,0.01725375,0.5884869,0.08609275,0.5390224,0.2310966,0.5378916,0.7182736,0.5851849,0.8905175,0.5977162,1,0.565728,0.9988147,0.546402,0.7282609,0.4266514,0.3538414,0.1972259,0.2187793,0.1060447,0.229468,0.04192191,0.1816216,0.02513747,0.1700639,0.006987331,0.1700639,0.006987331, Lighting
0.7517484,0.9090155,0.7517484,0.9090155,0.7682379,0.995073,0.7567392,1,0.6674256,0.9743899,0.3688925,0.8274895,0.08555169,0.6852353,0,0.6158311,0.02467059,0.5789708,0.1450396,0.5806135,0.6416699,0.6336272,0.8571451,0.6494343,0.9915175,0.6492577,0.9480237,0.5474756,0.8318526,0.4865991,0.6929824,0.3939659,0.480119,0.1856438,0.443479,0.1042953,0.4035525,0.05981415,0.3734809,0,0.3734809,0, Lighting
0.5218527,0.5833654,0.5888813,0.7263323,0.6000454,0.9612268,0.5956549,0.9981925,0.5956549,0.9981925,0.4853672,0.9877194,0.4119248,0.9405783,0.1990303,0.7129389,0.08925689,0.6231948,0,0.5026221,0.00629322,0.461725,0.2635144,0.5076235,0.4796123,0.562726,0.70052,0.5501865,0.88965,0.5529103,0.9656135,0.4665597,0.9007316,0.4021148,0.7430704,0.2457986,0.5946078,0.1426253,0.5440365,0,0.5440365,0, Lighting
0.6153679,0.781269,0.6061936,0.8397877,0.5669183,0.9454703,0.5251688,1,0.4600143,0.9350483,0.4101334,0.8522685,0.1938116,0.715035,0.03422398,0.5488341,0,0.4818007,0.2220539,0.4563392,0.4712114,0.479508,0.69165,0.4722427,0.9960486,0.4940542,0.9833667,0.4583925,0.9156142,0.4284026,0.8219205,0.3669253,0.6094292,0.2335769,0.4684038,0.07808885,0.4248323,0.01810295,0.403248,0,0.403248,0, Lighting
0.6585278,0.8164582,0.6875444,0.9389734,0.686816,0.9916732,0.6640021,1,0.6175688,0.9745643,0.400519,0.8389723,0.1244639,0.6172933,0.1244639,0.6172933,0.03755988,0.5549752,0.04792453,0.461152,0.1676161,0.4581851,0.3558587,0.4753551,0.7877632,0.4938877,1,0.4862881,1,0.4862881,0.9053783,0.3954517,0.7966808,0.3311771,0.6070734,0.1242194,0.6070734,0.1242194,0.5485126,0,0.5485126,0, Lighting
0.549271,0.3616158,0.5783138,0.5179958,0.6454684,0.7944002,0.6957721,0.8951502,0.7150074,0.9944093,0.7050904,1,0.5769678,0.9459705,0.4539517,0.8538234,0.1699631,0.6363778,0.07295547,0.5660613,0.5150743,0,0.1164953,0.4700341,0.4917606,0.518292,0.7346947,0.5330638,0.9070169,0.5294921,1,0.4762051,0.9511375,0.44247,0.6959286,0.2584273,0.5986997,0.1753422,0.5150743,0,0.5150743,0, Lighting
0.7847748,0.8818965,0.7847748,0.8818965,0.8036799,0.9814339,0.7493721,0.9964885,0.6829265,0.9623734,0.5515263,0.8887757,0.2644107,0.7432023,0.09475744,0.6653311,0.02242126,0.5512674,0.250031,0.5417255,0.3587008,0,0.6917421,0.6201529,0.9927865,0.6312386,1,0.6028326,0.9706783,0.5770301,0.770646,0.4677978,0.7009705,0.3576377,0.5760373,0.2548625,0.3893239,0.0882917,0.3587008,0,0.3587008,0, Lighting
0.6554745,0.6739185,0.7329704,0.8547933,0.7786027,0.9750697,0.7259257,1,0.6667767,0.9895368,0.468638,0.8735493,0.3506837,0.8073419,0.04749745,0.6664728,0.0468862,0.5940577,0.369962,0.5863028,0.6076326,0.611268,0.9410191,0.5995164,0.9865834,0.5524476,0.9227561,0.5146198,0.7433534,0.4094911,0.5208231,0.191664,0.431315,0.1349748,0.3617769,0.05657243,0.3914526,0.02154158,0.4684196,0,0.4684196,0, Lighting
0.6674184,0.6542476,0.6970873,0.7780091,0.7107415,0.9050677,0.71374,0.950453,0.6310303,1,0.4823039,0.9485049,0.3767568,0.8743519,0.2500866,0.7951069,0.03686157,0.661769,0,0.6141723,0.1909906,0.5968123,0.3443946,0.5835601,0.6144318,0.5983207,0.9622728,0.5667956,0.9760408,0.5100939,0.9010107,0.4589414,0.8118641,0.3746246,0.6305062,0.1655613,0.6305062,0.1655613,0.5118695,0,0.5118695,0, Lighting
0.8104316,0.8797079,0.8678226,0.9680917,0.8600709,1,0.7911564,0.9863923,0.2059292,0,0.4364288,0.8519797,0.1567059,0.683926,0.004253291,0.5731025,0.2059292,0,0.3780161,0.5475587,0.7982262,0.5545714,0.9504066,0.5369887,0.2059292,0,0.9408132,0.4713552,0.792944,0.4130769,0.5636957,0.2750753,0.2059292,0,0.3279533,0.06840765,0.2215825,0.03178412,0.2059292,0,0.2059292,0, Lighting
0.7090287,0.9497697,0.6831594,0.9966215,0.599314,0.9680832,0.5017961,0.9053991,0.3810513,0.8507307,0.2162498,0.746043,0,0.6043986,0.0154596,0.5739054,0.1561825,0.5865595,0.4537929,0.5716416,0.7122449,0.6051487,0.8705391,0.6010946,1,0.5453663,0.9563082,0.4982696,0.8833814,0.458545,0.6783548,0.3209791,0.6783548,0.3209791,0.3705642,0.07295051,0.3705642,0.07295051,0.3611747,0,0.3611747,0, Lighting
0.6580334,0.6935752,0.6490185,0.8288497,0.6716847,0.8975964,0.7378123,0.984076,0.6957638,0.9841994,0.5968909,0.9331645,0.4670488,0.8657603,0.2064352,0.7058468,0,0.5388647,0.01661629,0.5134554,0.1342865,0.5014343,0.2729829,0.5038377,0.7638349,0.5363156,1,0.5332062,0.9525341,0.5027134,0.76252,0.4258606,0.5374441,0.2222839,0.4519488,0.1547405,0.3662824,0.09432328,0.3368977,0,0.3368977,0, Lighting
0.6679114,0.3620541,0.7186951,0.6346453,0.759341,0.8534167,0.7477788,0.9409157,0.7322409,0.9794181,0.6554925,0.9947609,0.5674911,0.9629027,0.4652354,0.9024685,0.2084867,0.7092048,0.009297356,0.5201082,0,0.4730241,0.1056889,0.4627362,0.5210174,0.4636145,0.9103705,0.4301223,0.9103705,0.4301223,1,0.3633913,0.9403092,0.3430352,0.7613379,0.2399088,0.6451865,0.1590667,0.4852183,0,0.4852183,0, Lighting
0.6554622,0.6844209,0.7291216,0.8585958,0.7551824,0.9454174,0.7484124,1,0.666926,0.9382754,0.5712475,0.8499904,0.4737048,0.7764007,0.1706797,0.5925734,0.05017607,0.4903409,0.0712394,0.4241813,0.4344449,0.4342126,0.6941083,0.4641711,0.8784684,0.454272,1,0.411191,0.9406069,0.3733815,0.8389137,0.3287918,0.7348515,0.2692255,0.562524,0.1323988,0.4290988,0,0.4290988,0,0.4290988,0, Lighting
0.6512532,0.8840925,0.5546871,0.9578329,0.5588915,0.9908072,0.5193004,0.9665194,0.4534366,0.9120644,0.3477159,0.8527775,0.09993227,0.7140723,0,0.5905559,0.2563911,0.5699023,0.4078995,0.5795119,0.3483898,0,1,0.5478637,0.9874174,0.5313864,0.8648403,0.4662018,0.7825754,0.4217048,0.6630377,0.2714828,0.4693626,0.08088518,0.4384836,0.05887321,0.3514946,0.01578726,0.3483898,0,0.3483898,0, Lighting
0.6645283,0.9667107,0.6659568,0.9931262,0.5750257,0.9829248,0.3701005,0.8670748,0.02300232,0.6655717,0.05771489,0.6155447,0.2797711,0.6031197,0.8353934,0.6337152,1,0.5941881,0.8868281,0.558085,0.5562466,0.2814401,0.3911448,0.1582635,0.3750969,0.1181254,0.2539545,0.007305593,0.2518044,0.02020294,0.2218818,0.02394822,0.1809892,0.02822739,0.1795685,0.004308749,0.1993436,0.007337548,0.2449957,0.02754582,0.2449957,0.02754582, Lighting
0.4982794,0.7875736,0.5236123,0.9138429,0.5389774,0.9922867,0.5076959,0.9878498,0.4356623,0.9189526,0.4280911,0,0.1633858,0.6940676,0.01210347,0.5396989,0,0.5003496,0.152204,0.4836739,0.4280911,0,0.683078,0.5504375,0.9943631,0.548974,1,0.5304836,0.9198608,0.4529787,0.4280911,0,0.6588575,0.240693,0.5788763,0.1045724,0.4649014,0.03823945,0.4280911,0,0.4280911,0, Lighting
0.455282,0.7223958,0.4528815,0.8123566,0.4825362,0.9051884,0.4625612,1,0.4467345,0.9914544,0.3308877,0.8802338,0.1508103,0.7433965,0.07927183,0.6664457,0.006631537,0.5934648,0.2487767,0.5270107,0.4584133,0.5394896,0.6579531,0.5393201,1,0.5152929,0.9873999,0.4952735,0.8377334,0.399242,0.7802705,0.352951,0.6142843,0.2070573,0.5370508,0.1350403,0.333776,0,0.333776,0,0.333776,0, Lighting
0.5721333,0.8865125,0.5721333,0.8865125,0.5239063,0.9960217,0.5394527,1,0.386322,0.9016995,0.3370695,0.8499109,0.2586737,0.7861391,0.05682148,0.626044,0,0.5526702,0.1965488,0.5435823,0.3428074,0.5585852,0.6733087,0.5745611,0.8233437,0.5735513,1,0.5469055,0.9728677,0.5084589,0.9182483,0.4712532,0.7646123,0.3352449,0.6825902,0.2876484,0.6401514,0.2127566,0.5445679,0,0.5445679,0, Lighting
0.6198116,0.735089,0.6669102,0.9775055,0.6571767,0.9965745,0.6717114,1,0.5242796,0.8686882,0.449206,0.8236604,0.3185497,0.7464777,0.05363106,0.5592978,0.06196839,0.4948812,0.2114804,0.5102544,0.2740128,0,0.7691414,0.553289,0.9884119,0.5654527,1,0.5359426,0.9566936,0.5243831,0.7045593,0.3954501,0.5240019,0.2547224,0.4178217,0.1670941,0.3238912,0.06301761,0.2740128,0,0.2740128,0, Lighting
0.7169762,0.8475744,0.7266504,0.9651282,0.7317656,0.998309,0.6360571,0.969689,0.4137213,0.8236736,0.2715174,0.7363144,0.04089729,0.5687575,0,0.5258002,0.1588384,0.4979264,0.5631069,0.5274329,0.7153884,0.5626318,0.8633267,0.5676479,1,0.5420821,0.9932753,0.5180491,0.8810455,0.4387147,0.7482076,0.3173357,0.7482076,0.3173357,0.55682,0.05363948,0.5046457,0.03039411,0.4605463,0,0.4605463,0, Lighting
0.7077184,0.792379,0.7516642,0.9392439,0.7144917,0.9961069,0.7144917,0.9961069,0.6082434,0.8867208,0.5213905,0.7979035,0.3956716,0.6923137,0.3051276,0.5778078,0.1617624,0.4210694,0,0.2226641,0.02854119,0.1856837,0.3610362,0.1532338,0.6030514,0.1740247,0.786343,0.1867314,0.9074129,0.2134814,0.9865361,0.2048078,1,0.1706489,0.9325111,0.07592597,0.9325111,0.07592597,0.8754529,0,0.8754529,0, Lighting
0.8160244,0.8966997,0.8409255,0.9505294,0.7998551,1,0.6369611,0.9610003,0.5622218,0.9017425,0.2548039,0.7567753,0.1201923,0.6792212,0,0.583262,0.1731624,0.549227,0.3203697,0.5557875,0.7148181,0.5728902,0.9625512,0.5556433,1,0.5386475,0.9345317,0.4796461,0.7708225,0.3621987,0.7130286,0.2484079,0.532001,0.1381214,0.4191217,0.03006092,0.3569379,0.0203177,0.3521479,0,0.3521479,0, Lighting
0.6665203,0.8881935,0.6834764,0.9638621,0.6896949,0.9880893,0.6624269,1,0.5645729,0.9009811,0.4464264,0.7950256,0.2874614,0.6724491,0.06209358,0.4389569,0,0.3315864,0.007368752,0.2656834,0.07335839,0.2406463,0.4079487,0.2476417,0.6004139,0.2788672,0.8092889,0.2745381,0.9102746,0.269152,0.9811444,0.25276,0.9567026,0.2207751,0.9148231,0.1369522,0.8534073,0.05224142,0.7638784,0,0.7638784,0, Lighting
0.6564845,0.7607763,0.6845653,0.9851986,0.6002177,0.9619844,0.2644229,0.7750799,0,0.5779672,0.4220358,0.2863597,0.9556065,0.5504078,0.9559538,0.4642873,0.684762,0.2444196,0.5023617,0.06292381,0.3092653,0.004144449,0.3171057,0.002094635,0.3681442,0.008092741,0.3736861,0.01319183,0.3990636,0.02421707,0.408467,0.03323754,0.4225856,0.02073216,0.4511481,0.02581354,0.4070948,0.01678544,0.4359597,0.02349785,0.464895,0.02124447, Lighting
0.4170737,0.6999281,0.57917,0.9575539,0.5967687,0.9896469,0.3769929,0.8185627,0,0.5487218,0.2987748,0.5372316,0.8407152,0.5776308,0.953618,0.5143831,0.8207943,0.4212969,0.490802,0.1920278,0.5327526,0.03846883,0.3337166,0.03870681,0.4415195,0.02988346,0.506965,0.007034847,0.445242,0.010327,0.439904,0.004936442,0.4415078,0.01111617,0.4455295,0.02430961,0.5213603,0.04915175,0.5216604,0.03255112,0.5327526,0.03846883, Lighting
0.716054,1,0.716054,1,0.716054,1,0.716054,1,0.716054,1,0.716054,1,0.716054,1,0.716054,1,0.716054,1,0.716054,1,0.716054,1,0.742554,0.9438288,0.6172395,0.06348321,0.1517425,0.7274446,0.2209496,0.6376331,0.8714437,0.6258937,0.6172395,0.06348321,0.4386002,0.1908436,0.3239756,0.04239197,0.2621773,0,0.6172395,0.06348321, Lighting
0.627589,0.806841,0.6611763,0.9340192,0.6617148,0.9946818,0.6575162,0.995244,0.573056,0.9448969,0.3610803,0.7952295,0.1414386,0.6824409,0.0033176,0.5962332,0.06594376,0.547592,0.3060272,0.5589901,0.1232644,0,0.8974719,0.5687836,1,0.5408804,0.8053977,0.4374034,0.7070959,0.4014965,0.5571519,0.2953503,0.3884046,0.1843543,0.2157505,0.104528,0.1495299,0.026914,0.1232644,0,0.1232644,0, Lighting
0.6061057,0.7338873,0.6950073,0.9171788,0.7068866,0.9921432,0.6812953,0.984714,0.5452883,0.890626,0.3415023,0.7738296,0.1034779,0.6278828,0,0.5431242,0.1224263,0.5389706,0.4677626,0.5749082,0.8761954,0.5901966,0.962624,0.5922919,0.8535222,0.5137575,0.7527531,0.4677069,0.4682464,0.2620798,0.3561597,0.159803,0.3354993,0.1288904,0.2543055,0.08946878,0.2777635,0.06156781,0.3187,0,0.3187,0, Lighting
0.8120148,0.9508157,0.6998729,1,0.5954258,0.943118,0.3728905,0.8231912,0.1074843,0.6516635,0.0451948,0.6185583,0.05354299,0.5704118,0.1508088,0.5765953,0.4948088,0.5870628,0.677657,0.612155,1,0.5598037,0.9775335,0.5449411,0.8055955,0.4933894,0.6927795,0.4369902,0.4571106,0.2328093,0.3354002,0.06441393,0.3235485,0.01173211,0.3121531,0.007003139,0.3670939,0.0120634,0.3641618,0.042214,0.3641618,0.042214, Lighting
0.6090512,0.9659563,0.5331959,1,0.503842,0.9778795,0.440628,0.9187607,0.3232666,0.8438873,0.1343693,0.7119986,0.02832813,0.6272949,0.05063679,0.562708,0.3019314,0.566468,0.7130593,0.5700574,0.838897,0.5685035,0.9380503,0.5619898,0.9894689,0.5395131,0.8623992,0.4628935,0.7269183,0.3464983,0.6542463,0.2781129,0.4881778,0.1455719,0.3500299,0.03231218,0.3441995,0,0.3480532,0.01443247,0.3480532,0.01443247, Lighting
0.7841032,0.6935046,0.8749769,0.8945529,0.8953554,0.9459382,0.8907556,1,0.7214599,0.9488981,0.5608025,0.8707535,0.2023625,0.7112441,0.08357043,0.6419263,0.02765307,0.6017882,0.277363,0.607317,0.6575137,0.6591771,0.9321583,0.6584854,1,0.6267162,0.884458,0.5509477,0.7207172,0.4524731,0.4969447,0.3003603,0.3941707,0.1659083,0.3847117,0.03733436,0.4590167,0.01185953,0.4685079,0.01690549,0.4685079,0.01690549, Lighting
0.5441515,0.587195,0.6444708,0.8239617,0.7498791,0.9479858,0.765929,1,0.6548885,0.9417,0.4555349,0.8435997,0.0878071,0.6351211,0,0.5750936,0.2793135,0.5881881,0.4705232,0.6054295,0.9545067,0.6412554,1,0.6484042,0.8591907,0.5623947,0.5502901,0.3897924,0.4662646,0.3261245,0.4411037,0,0.5183648,0.02726406,0.6109655,0.06472612,0.5620377,0.05531548,0.5616263,0.08045338,0.5616263,0.08045338, Lighting
0.6318361,0.7341787,0.6325306,0.724667,0.6318159,0.7200912,0.6264659,0.7111845,0.6120155,0.7050753,0.7063618,0.777307,0.7220141,0.8655322,0.766299,0.9825159,0.763759,0.9702239,0.6489883,0.8627873,0.2564768,0.6426791,0.07759584,0.5695527,0,0.511258,0.2225288,0.4896139,0.7120486,0.4895719,0.9557936,0.4897072,0.9858922,0.4704894,0.6441325,0.3542863,0.5410008,0.06058493,0.5081043,0,0.5081043,0, Lighting
0.6042143,0.5453099,0.6651677,0.8215016,0.6955637,0.8688347,0.7452775,0.9762958,0.6753082,0.9807153,0.6032506,0.9461875,0.4695624,0.8645459,0.336743,0.822912,0.03070369,0.6658032,0.03075912,0.5898265,0.9174342,0,0.5712277,0.5702342,0.877912,0.557693,0.9654586,0.5407015,0.9936193,0.5268632,0.8222906,0.4881582,0.6821803,0.3907063,0.4701863,0.2933485,0.5338247,0.0192773,0.3547594,0.06895459,0.9174342,0, Lighting
0.5212942,0.5385857,0.5654988,0.7522711,0.6463422,0.9126525,0.6370383,0.9938198,0.6062027,1,0.5568603,0.9294052,0.50859,0.8833188,0.3579393,0.7591641,0.1397261,0.5924488,0,0.4720883,0.06466781,0.437311,0.586207,0.4430378,0.7504206,0.4368518,1,0.4189917,0.954861,0.409791,0.8782409,0.3801854,0.6721746,0.2855649,0.5327852,0.1728275,0.4381156,0.1042794,0.2768306,0,0.2768306,0, Lighting
0.6351517,0.7717389,0.6902905,0.8959755,0.7412621,0.9516022,0.7341492,1,0.6645523,0.9846944,0.5250785,0.9012768,0.2248724,0.7619671,0.06851108,0.6887314,0,0.6365355,0.1366674,0.6013929,0.5493892,0.5935667,0.6972669,0.5926638,0.9651909,0.5719554,1,0.5618731,0.9327433,0.5248232,0.7362564,0.4340267,0.6642905,0.3559169,0.5229801,0.1659097,0.3865203,0.06305471,0.3709614,0,0.3709614,0, Lighting
0.5789596,0.6271542,0.716631,0.7847312,0.7900481,0.9548295,0.8033721,0.991404,0.7481405,0.9778224,0.6535723,0.9420608,0.4009441,0.8250692,0.1033408,0.6616832,0,0.5773314,0.1445722,0.5453692,0.5394987,0.04188962,0.9092815,0.5927327,1,0.5855417,0.9290489,0.5488771,0.7411898,0.4185638,0.6100019,0.2529525,0.54676,0.2006232,0.4729431,0.1011091,0.4398918,0.08022621,0.8882797,0,0.5394987,0.04188962, Lighting
0.7896017,0.8599555,0.8001801,0.9767316,0.7437695,1,0.5371602,0.8813208,0.2636633,0.7589722,0,0.5612453,0.1136293,0.5165787,0.5995546,0.5368882,0.9307268,0.5559213,0.9693116,0.5090978,0.7823045,0.4107043,0.4996091,0.1931623,0.4553227,0.1539521,0.4045188,0.08092483,0.4509001,0.03168952,0.4520821,0.03007355,0.4505502,0.04309312,0.4710797,0.04627936,0.469991,0.04172846,0.4871417,0.05060879,0.5124233,0.03690975, Lighting
0.593307,0.7934203,0.6809314,0.9377305,0.6990338,0.9795501,0.5594298,0.9499239,0.2834381,0.7896761,0.1834079,0.7446398,0.002390275,0.5940424,0.05159874,0.5700279,0.1832228,0.573688,0.6841734,0.592384,0.553613,0,1,0.5728189,0.9205042,0.5475076,0.8361195,0.4951084,0.6476694,0.3571115,0.5144258,0.1928952,0.4636221,0.1207154,0.4470423,0.04490725,0.5264513,0.006171835,0.553613,0,0.553613,0, Lighting
0.5885751,0.7658327,0.613959,0.9741195,0.6302724,0.9970328,0.6140013,1,0.5450577,0.9684228,0.4170973,0.8623845,0.3538688,0.7884346,0.1650511,0.633355,0.02317902,0.531131,0.1316387,0.4563559,0.2721656,0.4573822,0.6753621,0.4968832,0.8445376,0.5001035,0.9407018,0.5000615,1,0.465346,0.9022548,0.3686089,0.8513523,0.3029232,0.5594059,0.08607157,0.4516793,0.02293449,0.4698576,0,0.4698576,0, Lighting
0.7109128,0.8887865,0.6394834,0.9860479,0.5155401,0.9694138,0.3303633,0.8321658,0.2342706,0.7473205,0.05473411,0.6255512,0,0.5614795,0.02161701,0.5373074,0.2440852,0.5161424,0.4483587,0.5138466,0.6655687,0.524694,0.961283,0.5147078,1,0.4882052,0.9761478,0.4613851,0.929148,0.4205545,0.8643403,0.3446375,0.6870547,0.1600422,0.4725023,0.02974697,0.454639,0.008792875,0.441626,0,0.441626,0, Lighting
0.651018,0.6718343,0.6591985,0.8190892,0.6453264,0.9490328,0.5802453,1,0.3744636,0,0.3114969,0.8277464,0.1490267,0.7157452,0.05350419,0.6228536,0.01254831,0.5522963,0.2502854,0.5408083,0.4235738,0.5519841,0.8008937,0.5602206,0.3744636,0,0.9987791,0.5260057,0.8906639,0.4489261,0.7548485,0.3882754,0.476763,0.1055934,0.4444132,0.04782371,0.3528281,0.01804891,0.3744636,0,0.3744636,0, Lighting
0.6006396,0.9989939,0.5948829,1,0.4891607,0.8925946,0.3657028,0.7954469,0.2045032,0.6339873,0.01609674,0.4790961,0.01609674,0.4790961,0.06058338,0.3903688,0.3236939,0.3850287,0.5158983,0.4302493,0.7211639,0.4447266,0.9635174,0.4569458,1,0.4402741,0.9024258,0.3918894,0.7311761,0.2570698,0.569915,0.07588163,0.5212657,0.02057504,0.473152,0.01603171,0.3514603,0.005444805,0.3334894,0,0.3334894,0, Lighting
0.4882047,1,0.4305285,0.9745174,0.3830001,0.8845199,0.3198698,0.7798219,0.3198698,0.7798219,0.2258643,0.6229209,0.1328283,0.4879846,0,0.381571,0.0565541,0.2761101,0.1154225,0.2469905,0.1786552,0.2390119,0.1786552,0.2390119,0.5124111,0.256071,0.754272,0.2736331,0.9332194,0.3165528,0.9332194,0.3165528,1,0.281053,0.9374125,0.2144779,0.9374125,0.2144779,0.8461403,0,0.8461403,0, Lighting
0.5967388,0.984183,0.5421339,0.9979233,0.4451669,0.9016939,0.1563099,0.6746256,0,0.5489959,0.1491314,0.5029573,0.4239642,0.5015945,0.9247127,0.5353778,1,0.5227217,0.9024199,0.4562828,0.7027224,0.2646436,0.4583538,0.1361855,0.3995774,0.08961701,0.3134653,0.07047959,0.329782,0.009991403,0.4115959,0.01896926,0.4439511,0.01848774,0.4647338,0.01122246,0.4618079,0.01054459,0.4569572,0.00855845,0.4492912,0.01614927, Lighting
0.6476429,0.9903311,0.4713047,0.9544622,0.2236213,0.7865241,0,0.6235183,0.2677233,0.5643895,0.8964957,0.5685223,0.9896886,0.5016298,0.7810703,0.3355603,0.3998019,0.1109663,0.3215746,0.01491495,0.458599,0.07592551,0.3183522,0,0.3594822,0.02384214,0.386686,0.02970407,0.4034128,0.03231889,0.422739,0.03978818,0.4181692,0.04378498,0.4137598,0.03743803,0.3953621,0.04195224,0.4215295,0.0537201,0.458599,0.07592551, Lighting
0.6460618,0.8233313,0.6325777,0.969529,0.5183288,0.9994408,0.421638,0.9213638,0.1880962,0.7524164,0.002092419,0.6435107,0.2567434,0.5951724,0.8303803,0.6194775,1,0.5951324,0.8186022,0.4948738,0.5530131,0.285361,0.32066,0.1194493,0.2353704,0.0347953,0.263347,0.009499375,0.3835875,0.01783619,0.4172138,0.01252424,0.4296247,0.02673151,0.4158457,0.03164594,0.4284222,0.02811187,0.4518003,0.05197828,0.472166,0.05873403, Lighting
0.6254008,0.9230002,0.5358642,0.9953415,0.4456595,0.9399196,0.2722597,0.8091313,0.01170626,0.5920759,0.2519229,0.5803931,0.652026,0.6353278,0.9855185,0.6555387,0.8848518,0.5673088,0.6774136,0.4024039,0.3746574,0.1563498,0.2485245,0.04049937,0.241056,0.01087118,0.323802,0.03202439,0.3678218,0.03659544,0.3440582,0.04294364,0.3669553,0.03392534,0.4122645,0.02740199,0.4157419,0.03027265,0.3662663,0.04072493,0.3662663,0.04072493, Lighting
0.4708299,0.6901427,0.5375395,0.8938293,0.5739496,0.9958962,0.3816765,0.8842424,0.05583395,0.7056037,0.1639683,0.612342,0.7637866,0.6246498,1,0.605118,0.6550848,0.4451404,0.3384597,0.09639981,0.3342957,0.02593302,0.2934776,0.01320761,0.2998414,0.01274619,0.3246651,0,0.3603315,0.02746597,0.3935977,0.02178545,0.402359,0.03151916,0.3992594,0.02950019,0.3789298,0.02532143,0.3634393,0.0304423,0.3634393,0.0304423, Lighting
0.5880574,0.8254724,0.6055157,0.9907081,0.310551,0.8476716,0.02077033,0.6330979,0.6735955,0.6242323,1,0.6052607,0.6165632,0.416066,0.3010374,0.2162817,0.2807169,0.1796061,0.3634627,0.02764694,0.6199781,0.102988,0.5375034,0.02383306,0.5112368,0.02113836,0.5201457,0.02348776,0.4924206,0.02926433,0.4643724,0.02754256,0.4908118,0.04038712,0.4891305,0.03742626,0.5255118,0.05176889,0.5782951,0.08315881,0.6199781,0.102988, Lighting
0.7379983,0.7876489,0.7568518,0.9401255,0.7347213,1,0.7004912,0.9933407,0.4055921,0.8650298,0,0.6706566,0.326237,0.6138719,0.5753511,0.6137244,1,0.5692884,0.788283,0.4720543,0.7127402,0.1488864,0.5570363,0,0.5062304,0.0263856,0.4878552,0.03893071,0.4731503,0.03825881,0.4911966,0.04109531,0.507992,0.03907694,0.553834,0.05065297,0.6270068,0.07938733,0.7018667,0.1233151,0.7127402,0.1488864, Lighting
0.8224988,0.8006668,0.8676084,0.9309366,0.863946,0.9933843,0.6761263,0.9546371,0.3011972,0.8001098,0.006801471,0.6422736,0,0.6123922,0.4471166,0.6043227,0.8748749,0.5961573,1,0.5608752,0.9913694,0.5488172,0.7981625,0.4206176,0.5965617,0.2907484,0.4715651,0.173505,0.5069132,0.01357337,0.5143937,0.03739532,0.5402596,0.06034354,0.552493,0.06952172,0.5256289,0.07806354,0.5624663,0.1088826,0.5624663,0.1088826, Lighting
0.7103505,0.9385099,0.7103505,0.9385099,0.6410614,1,0.4684692,0.8940611,0.4684692,0.8940611,0.1913814,0.7140157,0.05525633,0.6486344,0.01668251,0.5744212,0.113387,0.5585929,0.2317995,0.5625359,0.3850157,0,0.9046169,0.5941349,0.9740336,0.5767155,0.9340441,0.551075,0.8355728,0.5065081,0.7085916,0.4512082,0.6363289,0.3740545,0.4327246,0.2257901,0.3644051,0.1384063,0.3850157,0,0.3850157,0, Lighting
0.7583825,0.7442232,0.7819749,0.8407229,0.8243885,0.9413338,0.8168183,1,0.6840764,0.9641374,0.5900466,0.8865453,0.4596818,0.7895018,0.3109216,0.7033974,0.1354139,0.5985568,0.02747636,0.5267552,0.5534854,0,0.2413854,0.4736492,0.4684578,0.4990026,0.8488652,0.5225163,0.8488652,0.5225163,1,0.4811477,0.9431432,0.4512724,0.7346874,0.261884,0.7346874,0.261884,0.5534854,0,0.5534854,0, Lighting
0.5772606,0.7042453,0.6760948,0.9098893,0.7012594,0.9612021,0.7144449,1,0.680291,0.9922844,0.6036949,0.9403019,0.4949534,0.839821,0.2816612,0.6368828,0.1516716,0.4994134,0.04215799,0.3604613,0.08648977,0.2281745,0.08648977,0.2281745,0.2255882,0.2353425,0.613387,0.3104447,0.8451297,0.354613,0.9482866,0.3535698,0.9482866,0.3535698,0.9608139,0.2942776,0.8719584,0.172608,0.7615284,0,0.7615284,0, Lighting
0.8159732,1,0.8157229,0.9976967,0.7425584,0.994891,0.6496307,0.9334282,0.2404923,0.7529386,0.02731541,0.6102467,0,0.5647914,0.06409764,0.540011,0.394877,0.5392556,0.590142,0.5439796,0.8083724,0.5367088,1,0.5103796,0.9951968,0.490929,0.9091759,0.4422948,0.8085914,0.3812939,0.7037494,0.3066891,0.4836387,0.1541203,0.4299846,0.1107972,0.3461504,0.04783834,0.3159378,0,0.3159378,0, Lighting
