1,0.6546402,0.9136098,0.7234651,0.8616091,0.6554523,0.8452325,0.5729555,0.7953091,0.400352,0.7483391,0.2848795,0.3875982,0.01244554,0.286541,0,0.1010421,0.1215716,0.04027045,0.2065744,0.003132998,0.415513,0.03021866,0.661921,0.1364797,0.8437858,0.2140387,0.9186261,0.4023625,1,0.6230208,0.9950694,0.785518,0.9020691,0.8464768,0.841601,0.9161011,0.6812454,0.9225716,0.4291125,0.9225716,0.4291125,Ball
1,0.6989873,0.9910547,0.7288486,0.9575032,0.6338063,0.9276521,0.542886,0.7085397,0.2267113,0.4887259,0.03078233,0.3606622,0,0.2704031,0.02052631,0.1772715,0.08724695,0.07300718,0.2949539,0,0.5383307,0.02306925,0.6704407,0.1266661,0.8571317,0.2097367,0.9311758,0.321461,0.9678084,0.5400785,1,0.6416164,0.9783545,0.8251881,0.8299983,0.89661,0.7505938,0.9589431,0.3197045,0.9589431,0.3197045,Ball
0.9886054,0.2897239,0.9217867,0.2188187,0.8297428,0.1508883,0.6401571,0.004704876,0.5273113,0,0.4215783,0.005271789,0.1997652,0.1290532,0.1034128,0.2235298,0.04515428,0.3436581,0.01296452,0.4802495,0.02068315,0.7459697,0.07631934,0.849725,0.1502966,0.9157199,0.4309002,1,0.5565238,0.9901335,0.8006791,0.8927396,0.8915654,0.8080718,0.9546351,0.7525447,0.988952,0.647442,1,0.5537798,1,0.5537798,Ball
0.9824107,0.2335326,0.9146448,0.2239262,0.7730454,0.1633688,0.6866794,0.06675006,0.4319763,0,0.4319763,0,0.2268786,0.1050322,0.1284256,0.1984876,0.0597189,0.281443,0.04389451,0.4021042,0.02013378,0.685681,0.06386745,0.7843184,0.1411064,0.8785616,0.2629797,0.9421818,0.3715359,0.9831923,0.6755964,0.9614722,0.8146244,0.9230505,0.9109693,0.8206562,0.9621554,0.7586624,1,0.6506653,1,0.6506653,Ball
1,0.2324958,0.7577765,0.09634413,0.631089,0.02317615,0.3963681,0.02186629,0.1971817,0.1260033,0.1239756,0.1914967,0,0.4082644,0.005431332,0.551451,0.04843009,0.7785923,0.2345734,0.9348124,0.7689252,0.245099,0.6623597,1,0.7681915,0.967639,0.918004,0.8506556,0.9730732,0.6872316,0.944939,0.5190858,0.9347534,0.4537752,0.8536971,0.3307553,0.8164499,0.2949663,0.7689252,0.245099,0.7689252,0.245099,Ball
0.8647917,0.2632201,0.9023789,0.3919933,0.9230108,0.4375556,0.9162815,0.5385274,0.892005,0.6825536,0.8655741,0.7804699,0.727137,0.9194593,0.625469,0.9690744,0.3787679,1,0.1004888,0.8436686,0.03935453,0.7492549,0.01850849,0.4735148,0.1117045,0.2795809,0.2157338,0.1815714,0.4140468,0.0412627,0.6690841,0,0.8966684,0.04003782,0.9666285,0.076524,0.9900714,0.2408552,0.9718682,0.2682137,0.9718682,0.2682137,Ball
0.9498465,0.3717827,1,0.5081092,0.9329839,0.6677897,0.8064814,0.8449407,0.610742,0.9697638,0.4148114,0.9897234,0.3439116,1,0.1436255,0.8727238,0.03777365,0.7174413,0,0.5505925,0.0581213,0.2378424,0.08679242,0.1652387,0.2793017,0.04043456,0.3823993,0.02230371,0.5221327,0,0.7058169,0.07512205,0.7551899,0.1068566,0.8738876,0.2287996,0.8820512,0.2750975,0.880786,0.3200914,0.8344682,0.1447023,Ball
0.9538982,0.4610399,0.9980901,0.5700008,0.9783947,0.7256417,0.8666877,0.8872567,0.8164947,0.940774,0.8831741,0.3029961,0.3257809,0.9803008,0.1990445,0.9781452,0.04386614,0.7093857,0,0.6396037,0.8831741,0.3029961,0.2334135,0.2153308,0.3870488,0.1141473,0.4666153,0.06387974,0.6583431,0,0.8831741,0.3029961,0.8625383,0.1323836,0.8940608,0.2521289,0.8896941,0.3315455,0.8831741,0.3029961,0.8831741,0.3029961,Ball
0.9428944,0.3798954,0.9984133,0.5547923,0.9462997,0.6634485,0.7620367,0.8803279,0.6390416,0.9663918,0.5160763,0.9834414,0.2383317,0.965452,0.05474018,0.8491346,0.01343648,0.7478812,0.0102451,0.5623881,0.07689819,0.3342842,0.1469042,0.2367894,0.3190511,0.122591,0.5695921,0.03956924,0.6580476,0.06718792,0.7350838,0.1290366,0.8458367,0.2187912,0.8651238,0.2641654,0.88305,0.327247,0.7537493,0,0.7537493,0,Ball
0.8714504,0.08924305,0.9597008,0.3077076,1,0.4613211,0.9497597,0.6816924,0.8842253,0.7790212,0.7422451,0.9423293,0.5411922,1,0.3784589,0.9834813,0.1064105,0.8637017,0.04222965,0.7908209,0.01625499,0.5686707,0.02644785,0.3261338,0.2087658,0.1574123,0.3107325,0.08501007,0.3904529,0.03733564,0.7252313,0.07591553,0.7721433,0.107691,0.8233146,0.1607357,0.7560726,0.1835169,0.7204741,0,0.7204741,0,Ball
0.9712341,0.3136371,0.9712341,0.3136371,0.9194828,0.7591763,0.9194828,0.7591763,0.8149083,0,0.5155112,1,0.3640114,0.9812276,0.1428278,0.8753185,0.06818076,0.8030208,0,0.5807134,0.01124832,0.478189,0.1230772,0.259986,0.8149083,0,0.3338941,0.1412632,0.5379764,0.08634599,0.7741823,0.1286706,0.8533705,0.1516937,0.954281,0.2560862,0.9355405,0.2960991,0.8149083,0,0.8149083,0,Ball
0.9747775,0.3797917,0.9307653,0.6699763,0.7705686,0.9199878,0.7705686,0.9199878,0.9575999,0.0893969,0.4164595,0.9684475,0.1536817,0.8366501,0.1536817,0.8366501,0.9575999,0.0893969,0.02104277,0.4053625,0.02104277,0.4053625,0.06047178,0.2913099,0.9575999,0.0893969,0.5715067,0,0.7011527,0.01280928,0.7973142,0.02098872,0.9575999,0.0893969,1,0.1164049,0.9575999,0.0893969,0.9575999,0.0893969,0.9575999,0.0893969,Ball
0.8075905,0.3803917,0.9390496,0.4859272,0.9664319,0.5465009,0.9604314,0.7236871,0.903287,0.804983,0.8204144,0.8922272,0.5720859,1,0.243053,0.9437125,0.243053,0.9437125,0.01742751,0.816353,0.01137555,0.6197018,0.06000075,0.5389816,0.1534647,0.4325542,0.4056893,0.2449824,0.5435084,0.2145803,0.7447529,0.2362755,0.7805657,0.2750088,0.7799923,0.3396572,0.7215909,0.1878763,0.6241404,0,0.6241404,0,Ball
0.9378477,0.1037562,0.9616533,0.2707225,0.9817114,0.5356185,0.9391705,0.6500375,0.8518837,0.7916406,0.6285551,0.9519905,0.4719414,0.9988782,0.1689148,0.9238506,0.08125518,0.8307311,0,0.5995921,0.02690355,0.4874469,0.06306668,0.3448721,0.2036964,0.170608,0.3107681,0.08123564,0.5813177,0,0.6757524,0.008799024,0.7741697,0.1075257,0.8075423,0.1656478,0.8429019,0.2256296,0.798423,0.2434329,0.798423,0.2434329,Ball
0.7649152,0.1570936,0.8539392,0.2400135,0.9463141,0.2896293,0.9952264,0.4886934,0.9691083,0.6328873,0.8917133,0.7455294,0.7817808,0.8628566,0.4907961,1,0.1679354,0.9381472,0.1679354,0.9381472,0.7994629,0,0,0.6003118,0.1207813,0.3579751,0.1207813,0.3579751,0.2845224,0.1454365,0.3883838,0.05651781,0.5539387,0.02161876,0.7055067,0.05503719,0.7436247,0.04120345,0.7994629,0,0.7994629,0,Ball
0.9643704,0.1169604,0.9819193,0.3402728,1,0.5329382,0.8913152,0.7756269,0.7826733,0.8958187,0.4957344,1,0.4957344,1,0.1734411,0.9143521,0.07992162,0.8212218,0,0.539637,0.04529277,0.4147074,0.121424,0.2824138,0.3409736,0.06111471,0.4564787,0.006560425,0.5956163,0,0.6902861,0.01364504,0.8367457,0.07322723,0.8929318,0.1531023,0.869585,0.1466121,0.8885826,0.01759359,0.8885826,0.01759359,Ball
0.9770739,0.2349317,0.9770739,0.2349317,1,0.5405967,0.9642308,0.6889784,0.7838855,0.9118959,0.663249,0.9803347,0.5268238,1,0.1674516,0.9106631,0.09434751,0.8097346,0,0.5711326,0.03727136,0.4547922,0.154605,0.2123685,0.2699361,0.1062711,0.387067,0.02530055,0.7142838,0.01796744,0.8198729,0.04805,0.936872,0.1462445,0.9795405,0.2034494,0.9762589,0.2341419,0.981884,0.178242,0.981884,0.178242,Ball
0.9687977,0.3526715,0.9477795,0.6508592,0.7123957,0.8715534,0.7123957,0.8715534,0.4099635,1,0.2328238,0.9726112,0.0883973,0.9026694,0.007181331,0.7840551,0,0.6900784,0.06073161,0.4219405,0.8447273,0.02794119,0.253316,0.1852449,0.5572509,0,0.7073959,0.01612336,0.8706264,0.09372502,0.8706264,0.09372502,0.9851908,0.2344525,1,0.2982291,0.9775389,0.2437429,0.8447273,0.02794119,0.8447273,0.02794119,Ball
1,0.2267416,0.9976547,0.46957,0.8300873,0.7604718,0.6952254,0.8625875,0.6952254,0.8625875,0.4235023,1,0.1683775,0.8856799,0,0.6147076,0,0.6147076,0.005289807,0.3342715,0.1098242,0.2001598,0.4013065,0.02890196,0.5622934,0.003405923,0.6824191,0,0.837769,0.09028216,0.837769,0.09028216,0.8924718,0.269107,0.8909682,0.4161652,0.857903,0.442816,0.8063909,0.2886532,0.8063909,0.2886532,Ball
0.8646239,0.3213876,0.975177,0.4622569,1,0.5500075,0.9099816,0.7593587,0.7303129,0.9415367,0.589957,0.9998666,0.3163569,0.9839932,0.1805012,0.9243905,0.06810451,0.8023904,0,0.5081361,0.87481,0.133577,0.1981434,0.164279,0.2620799,0.0740702,0.5594141,0,0.6613926,0.02495934,0.7706829,0.06040614,0.8889535,0.1325837,0.8618752,0.1914592,0.9086997,0.1844587,0.87481,0.133577,0.87481,0.133577,Ball
0.7012771,0.09056545,0.8277594,0.2235008,0.9398842,0.2531124,1,0.4272613,0.9801688,0.5670266,0.7907555,0.8006708,0.6904511,0.8980069,0.5734501,0.9687561,0.302613,0.949725,0.05567829,0.7634461,0,0.6382142,0.01663258,0.4703605,0.04306719,0.2901349,0.1677122,0.122275,0.3578796,0.04590806,0.3578796,0.04590806,0.5405502,0.04049314,0.669541,0.07611845,0.7233955,0.08090014,0.7236527,0,0.7236527,0,Ball
0.9781919,0.2334533,0.9627735,0.4690332,0.9209017,0.6407271,0.7218144,0.8932903,0.4515351,0.9926316,0.2941018,1,0.1457431,0.9373043,0.0315813,0.764353,0.0315813,0.764353,0.02998182,0.503581,0.07808607,0.3834239,0.1531309,0.2712156,0.3770646,0.1054976,0.6068365,0.005774348,0.73612,0,0.8587888,0.03218351,0.9924878,0.1142443,0.9754376,0.178005,0.9754376,0.178005,1,0.0413912,1,0.0413912,Ball
1,0.3178538,0.9571232,0.5985609,0.9086073,0.7322814,0.8170012,0.8233178,0.5321348,0.9825726,0.3865691,1,0.1143047,0.8393964,0.1143047,0.8393964,0,0.523601,0.09434165,0.2990941,0.2170427,0.1926446,0.2558943,0.1179805,0.4982214,0.01059867,0.6455885,0,0.7933738,0.01023674,0.890451,0.01845671,0.9925407,0.142845,0.9775525,0.1845547,0.8738426,0.1374885,0.8681444,0.03670192,0.8681444,0.03670192,Ball
0.9157462,0.7223113,0.8356468,0.8494764,0.7403433,0.464033,0.4068935,1,0.7403433,0.464033,0.07084478,0.768423,0.7403433,0.464033,0,0.4646131,0.7403433,0.464033,0.2937528,0.07863455,0.7403433,0.464033,0.7611599,0.01755664,0.7403433,0.464033,1,0.2293463,0.7403433,0.464033,0.9592016,0.4063756,0.7403433,0.464033,0.8611467,0.6850327,0.7403433,0.464033,0.7403433,0.464033,0.7403433,0.464033,Ball
0.8778462,0.2814808,0.9793111,0.4812653,1,0.6356991,0.9548244,0.7351126,0.7215642,0.9287729,0.5581192,0.9803604,0.4249419,1,0.1132391,0.8687578,0,0.6539155,0.01904408,0.5263773,0.05145917,0.4065591,0.1728671,0.1682024,0.3004466,0.07391401,0.466679,0.02520973,0.6537994,0.05043482,0.7087286,0.09054153,0.7920856,0.2266023,0.7895985,0.2457414,0.8274321,0.1907781,0.8274321,0.1907781,0.8274321,0.1907781,Ball
0.9587584,0.297544,1,0.5014871,0.859773,0.7223514,0.7542133,0.8404653,0.5120018,0.9850276,0.5120018,0.9850276,0.2870114,0.9761832,0.05445986,0.777015,0.02059276,0.6866345,0.0228927,0.4035827,0.09400092,0.1989723,0.1768278,0.1171274,0.3173066,0.05942307,0.5690631,0.01528403,0.6654084,0.03915328,0.8086777,0.1405591,0.8431318,0.2849809,0.8465251,0.3569235,0.821323,0.3758851,0.7210458,0.2609939,0.7210458,0.2609939,Ball
0.8343723,0.2160169,0.9463533,0.3568723,1,0.4614984,0.8922941,0.719785,0.8922941,0.719785,0.6910542,0.9107327,0.539282,0.958044,0.2279029,0.9595155,0.1234691,0.8730001,0.03966805,0.7735682,0.008585008,0.6754739,0.02733169,0.4045064,0.02733169,0.4045064,0.1913773,0.1579258,0.2881063,0.05442136,0.4370303,0.01646203,0.6365138,0,0.7818142,0.04204481,0.7418624,0.02487976,0.7403002,0.004894557,0.7403002,0.004894557,Ball
0.9759102,0.3468542,1,0.518643,1,0.518643,0.9343397,0.7325909,0.8713192,0.8328297,0.8171711,0.9130726,0.7207172,0.9711951,0.6234627,1,0.2164665,0.8356535,0.1618327,0.7704759,0.0697813,0.6718127,0.01952538,0.5262762,0,0.434523,0.05048706,0.3256716,0.09501313,0.2123505,0.1907599,0.1109942,0.5237245,0.006724855,0.6668463,0,0.6668463,0,0.7358845,0.01447464,0.7358845,0.01447464,Ball
0.8710427,0.2196328,0.8710427,0.2196328,1,0.4419888,0.956767,0.6642442,0.8200717,0.8794982,0.8200717,0.8794982,0.6326071,1,0.317009,0.942821,0.1780192,0.8719478,0.0979589,0.7806708,0.9841587,0.08547814,0,0.2918574,0.08577446,0.1836908,0.1959982,0.07174508,0.467356,0.0134868,0.625348,0.004990822,0.7401196,0.02313195,0.9304698,0.1002007,0.9841587,0.08547814,0.9841587,0.08547814,0.9841587,0.08547814,Ball
0.6267802,0.1433159,0.7232563,0.2834633,0.9265824,0.1175459,0.9703274,0.4446096,0.9265824,0.1175459,0.9074147,0.7779795,0.9265824,0.1175459,0.7565182,0.9436532,0.9265824,0.1175459,0.2644498,0.9863527,0.9265824,0.1175459,0,0.6613485,0.9265824,0.1175459,0.04033849,0.3691609,0.9265824,0.1175459,0.3690608,0.05352857,0.9265824,0.1175459,0.6880099,0,0.9265824,0.1175459,0.9265824,0.1175459,0.9265824,0.1175459,Ball
0.5736727,0.1477316,0.6680875,0.2018252,0.7624785,0.2320223,0.9327735,0.3207948,0.9754987,0.4021156,0.9894436,0.6266659,0.8745513,0.8182654,0.7990842,0.887924,0.7046366,0.9704232,0.4576295,1,0.2376691,0.8987666,0.1244829,0.8242302,0,0.6689519,0.01593299,0.5661834,0.05332696,0.4537771,0.2268422,0.3059586,0.4417324,0.256481,0.5305075,0.2618982,0.6050581,0.2565583,0.6901855,0,0.6901855,0,Ball
0.8356473,0.2750658,0.9549047,0.3994032,0.9801391,0.4809768,0.9780598,0.6803874,0.9433525,0.7970319,0.7982893,0.9188495,0.7015921,0.9735274,0.4793744,0.9796388,0.1832726,0.8255598,0.07223038,0.7066066,0,0.5490502,0.01670055,0.4674659,0.04428149,0.3809083,0.1557133,0.2661687,0.3679824,0.2042676,0.4380562,0.1990508,0.6175963,0.1688388,0.7370307,0.2049171,0.8084249,0.2152118,0.8364213,0,0.8364213,0,Ball
0.6191374,0.0480362,0.7534607,0.2091324,0.8908741,0.283413,0.9542036,0.3199406,1,0.5417665,0.8940766,0.7582077,0.8494991,0.8344913,0.662124,0.9491779,0.4217331,0.985352,0.3087169,0.916281,0.07441164,0.785476,0,0.5990056,0.009770798,0.5330555,0.05416501,0.3202125,0.1226749,0.2422206,0.2902173,0.1266747,0.5141682,0.1007925,0.6964597,0.1333866,0.7138613,0.1241183,0.768348,0,0.768348,0,Ball
0.8333447,0.1404051,0.9576832,0.3317153,1,0.5043144,0.914679,0.7276231,0.8324236,0.8201184,0.6245373,0.9463031,0.525218,0.9845111,0.4111453,1,0.166958,0.8880883,0,0.6876498,0.7405968,0,0.03941287,0.4255649,0.182474,0.2418385,0.2813151,0.1577018,0.3902024,0.1152385,0.6584684,0.1519963,0.7000846,0.1698373,0.7608279,0.2270517,0.8024163,0.2263262,0.7405968,0,0.7405968,0,Ball
0.4945908,0.05403966,0.5766509,0.194355,0.6725971,0.2064336,0.8910435,0.3071882,0.9641075,0.4058011,1,0.5134079,0.8966177,0.765986,0.7197012,0.9552087,0.7197012,0.9552087,0.463389,1,0.235294,0.9174975,0.05483188,0.7765022,0.05483188,0.7765022,0,0.6009436,0.04665502,0.390052,0.07919692,0.2807492,0.1770955,0.1947605,0.2675539,0.1139274,0.5198737,0.06566848,0.6030579,0,0.6030579,0,Ball
0.9495357,0.2221453,0.9937634,0.480634,0.9300105,0.6137112,0.8059738,0.8217771,0.7145121,0.9137902,0.5211685,1,0.3199465,0.9880148,0.2069855,0.871971,0.05265757,0.7229752,0,0.5147762,0.9426991,0.1431825,0.1221437,0.113338,0.2326679,0.04091676,0.4527363,0.01872822,0.6619554,0,0.7571699,0.03538366,0.8909479,0.09331635,0.9752169,0.1963545,0.9815055,0.2616154,0.9426991,0.1431825,0.9426991,0.1431825,Ball
0.9541901,0.3604911,1,0.567276,0.9640379,0.6647419,0.8580568,0.825608,0.705628,0.9582468,0.8851637,0.1587667,0.4321191,0.9719183,0.1960023,0.8251057,0.06457523,0.6717197,0,0.4696906,0.8851637,0.1587667,0.1255277,0.195999,0.2157955,0.1203905,0.3973509,0.03944645,0.7090514,0.06401215,0.8851637,0.1587667,0.8474666,0.1836168,0.9020411,0.2782831,0.9143481,0.3055699,0.8851637,0.1587667,0.8851637,0.1587667,Ball
0.7198278,0.1846427,0.8576105,0.2967449,0.962957,0.4095397,1,0.5711653,0.9231405,0.7605437,0.8412566,0.8479305,0.7860652,0.9174724,0.593102,0.9965293,0.4675772,1,0.3396663,0.9702013,0.1126947,0.8323599,0,0.6362846,0.00157477,0.5152602,0.0965142,0.3030829,0.2072449,0.2268961,0.3019736,0.1723214,0.5730151,0.09896556,0.6683743,0.08256236,0.7719141,0.1177926,0.7783372,0,0.7783372,0,Ball
0.2961061,0,0.5357745,0.2129164,0.6788012,0.2378776,0.908375,0.3306484,0.9807634,0.4171095,1,0.5172155,0.9691157,0.7400602,0.8471687,0.9023743,0.7494192,0.9648082,0.5232415,1,0.2661108,0.9310449,0.1713867,0.8619388,0.07704306,0.7794198,0,0.6114951,0.006503877,0.4704324,0.05061669,0.3811518,0.1821816,0.2389213,0.2724101,0.2028905,0.4692468,0.1286862,0.5875508,0.001718491,0.5875508,0.001718491,Ball
0.5471556,0.1285081,0.8339772,0.2853853,0.9138995,0.3320746,1,0.4852152,0.6916332,0,0.9026375,0.7807457,0.7712058,0.9404759,0.5940967,1,0.6916332,0,0.2976975,0.9492502,0.1079883,0.8569617,0.003228433,0.7223197,0.6916332,0,0.04136849,0.4900814,0.1280248,0.3516102,0.2834965,0.2248024,0.6916332,0,0.5540235,0.1461676,0.6534828,0.1281406,0.6916332,0,0.6916332,0,Ball
0.9197459,0.2613648,0.9959286,0.4413173,0.9625608,0.6625146,0.8958302,0.7599002,0.743912,0.923816,0.5233889,1,0.278855,0.959721,0.1943238,0.9339293,0.03107374,0.7641485,0.001230702,0.5774757,0.04397298,0.3806784,0.1452504,0.1848755,0.265833,0.04962148,0.3828847,0.01257316,0.568629,0,0.7127869,0.05210445,0.8125648,0.1753105,0.8984815,0.2682248,0.9293038,0.2852618,0.9660605,0.2635698,0.949778,0.2149925,Ball
0.900762,0.2072497,1,0.5175943,0.988803,0.6333691,0.8691418,0.8363811,0.79334,0.9106182,0.6004249,0.9636675,0.4067267,1,0.2192071,0.9240469,0.06792601,0.8245187,0,0.6387654,0.005013418,0.5381805,0.1148782,0.2544533,0.1918528,0.1816702,0.3030318,0.0533256,0.4815461,0,0.6589116,0.006099031,0.7512025,0.02867641,0.8613045,0.1109285,0.9369659,0.2021604,0.9545873,0.2076736,0.9545873,0.2076736,Ball
0.885261,0.2005066,0.9787197,0.4638736,1,0.6376307,0.971751,0.7385571,0.858369,0.8794636,0.6985532,0.9920103,0.5260753,0.9837573,0.3028137,0.8965705,0.1825433,0.8340694,0.02393089,0.6706692,0.001219256,0.4907289,0.03806023,0.3864222,0.09376466,0.2092182,0.216528,0.07842875,0.4281769,0.01050268,0.6470428,0,0.8069782,0.08825002,0.8387461,0.1356211,0.9277839,0.1907303,0.939297,0.2079774,0.939297,0.2079774,Ball
0.3605286,0,0.3970844,0.1071264,0.4606882,0.132927,0.6962929,0.1988304,0.8979132,0.293122,0.9487604,0.3673424,0.9946406,0.5524604,0.9645681,0.7422546,0.9110823,0.8263571,0.8353298,0.8725994,0.5135615,0.1382636,0.401764,1,0.1889715,0.9317786,0.09185638,0.8810514,0,0.7504635,0.01283206,0.6559335,0.08550505,0.4427409,0.2716088,0.2386554,0.4056132,0.1482272,0.5135615,0.1382636,0.5135615,0.1382636,Ball
0.4645114,0.05648192,0.6593278,0.1739208,0.6593278,0.1739208,0.9012402,0.2471011,1,0.4024471,0.9945766,0.5057319,0.9264331,0.7023616,0.7807984,0.8482796,0.6984089,0.913763,0.4964371,0.9843297,0.3024217,0.9675267,0.1723491,0.8761758,0.01658314,0.7400733,0,0.6424552,0.02418786,0.4451965,0.1442093,0.295718,0.233467,0.2466907,0.4307233,0.2031246,0.5880784,0.1113392,0.6268521,0,0.6268521,0,Ball
0.8333133,0.14258,0.9640486,0.2912687,1,0.4681738,0.9966917,0.5771596,0.9030626,0.7786241,0.8596699,0.8701806,0.7015042,0.9852855,0.5907882,1,0.3435367,0.9672354,0.2383834,0.9027578,0.06408732,0.7754529,0.03759986,0.6849732,0.01362501,0.4856231,0.1154692,0.2879095,0.1753878,0.229727,0.2938769,0.1730634,0.4988906,0.0634897,0.7642595,0.02293322,0.8365738,0.0240425,0.8608199,0,0.8608199,0,Ball
0.8074848,0,0.9943244,0.1643158,1,0.2624292,0.9831749,0.3948957,0.8719344,0.771099,0.8020707,0.8662108,0.732336,0.9388978,0.4908625,1,0.2455982,0.9073107,0.1384843,0.8345294,0.8341555,0.02207492,0,0.4605742,0.02307389,0.3576616,0.05563683,0.2588608,0.228018,0.1071489,0.3553579,0.05879603,0.4448834,0.03138342,0.7765406,0.02612486,0.7765406,0.02612486,0.8341555,0.02207492,0.8341555,0.02207492,Ball
0.9184245,0.156767,0.9865225,0.3084513,0.9886925,0.4800536,0.9179618,0.6923833,0.755618,0.8684686,0.6777033,0.9320236,0.4011368,0.9899812,0.1056208,0.8646485,0.06080902,0.807577,0,0.6323887,0.02813295,0.4442829,0.08548284,0.3526087,0.2072068,0.206674,0.3815534,0.07574127,0.474538,0.03659455,0.7098538,0.006521401,0.8525976,0.02660053,0.9243637,0.08879125,0.9834415,0.09588885,0.9031047,0,0.9031047,0,Ball
0.7536978,0.1307517,0.8416733,0.2295011,0.9294759,0.3096798,0.9833239,0.3711139,1,0.5459899,0.9683205,0.6535367,0.917075,0.7509851,0.7542245,0.9071216,0.6769888,0.9566641,0.5636281,1,0.4518823,0,0.3131845,0.9782689,0.1143902,0.8791566,0.05681873,0.8180193,0.01135212,0.6907923,0.01499104,0.4651427,0.05756936,0.324896,0.1085855,0.2312597,0.3232358,0.06484944,0.4518823,0,0.4518823,0,Ball
0.5553891,0.9618554,0.2826263,0.9607341,0.1139866,0.8407227,0.04787679,0.7593591,0.02722663,0.4560534,0.03621051,0.3360698,0.115851,0.1625163,0.3154293,0.04013465,0.5477827,0.0101342,0.822544,0.0227665,0.884721,0.09543573,0.9650979,0.2377376,1,0.4165694,0.9498367,0.5789614,0.8491059,0.7150839,0.7989107,0.7604082,0.6733645,0.8145893,0.6221799,0.8036425,0.6087273,0.7471856,0.609427,0.3549463,0.609427,0.3549463,Ball
0.9538246,0.3913793,0.9738795,0.6379763,0.83526,0.7959652,0.7804388,0.8592988,0.5695598,0.9683798,0.3406793,0.962413,0.2302398,0.9414995,0.06808087,0.8009698,0,0.6457963,0.02810949,0.5339638,0.09058781,0.2491239,0.1534644,0.1612384,0.2597983,0.08385437,0.4504391,0,0.5417083,0.007045865,0.6799335,0.07229715,0.7985433,0.1630425,0.8713693,0.201414,0.9235891,0.229265,0.9004125,0.2315201,0.9004125,0.2315201,Ball
0.5993996,0.9301596,0.3893848,1,0.2579991,0.9497131,0.05329558,0.830768,0,0.6487609,0.002302733,0.4242965,0.1622085,0.1852769,0.2300724,0.1064991,0.4700583,0,0.715898,0.06277975,0.8697117,0.1992924,0.9674258,0.3859233,1,0.4822877,0.9564819,0.7282583,0.8778327,0.8353671,0.8432021,0.8787043,0.7258223,0.8968874,0.6170357,0.8887411,0.5937183,0.7887546,0.6230015,0.4737333,0.6230015,0.4737333,Ball
0.9648486,0.4147397,0.9648486,0.4147397,0.9102378,0.7765461,0.7721359,0.9354328,0.6583399,0.9871906,0.3702771,0.9542834,0.1229501,0.8296576,0.005170629,0.6388019,0.01361219,0.5333166,0.009303176,0.3108987,0.09850145,0.1539424,0.2656854,0.03360394,0.366354,0.002993054,0.5537848,0,0.7790979,0.08175611,0.8459303,0.1367255,0.9286467,0.2427509,0.9511263,0.29504,0.9934537,0.3480941,0.9503994,0.1809836,0.9503994,0.1809836,Ball
0.8690045,0.2576222,1,0.5090535,0.9949303,0.6027378,0.964258,0.7009867,0.8391827,0.8597744,0.7411441,0.9280737,0.4598,1,0.23899,0.9626393,0.1357986,0.9090959,0.07770411,0.8239199,0.01144795,0.6237482,0.001648636,0.4100437,0.05068908,0.3074569,0.2029276,0.106238,0.2732081,0.07141785,0.5091815,0,0.7073463,0.0539878,0.7714421,0.1000264,0.8271717,0.1268963,0.8340249,0.09929055,0.8340249,0.09929055,Ball
0.7911758,0.7552245,0.6587294,0.9474854,0.4543023,0.9834737,0.4543023,0.9834737,0.2947518,0.9588041,0.04714204,0.8291734,0,0.7472013,0.8968326,0.6092074,0.8968326,0.6092074,0.8968326,0.6092074,0.5319759,0.0497002,0.8968326,0.6092074,0.8968326,0.6092074,0.9498397,0.1941316,0.8968326,0.6092074,0.8968326,0.6092074,0.9812539,0.5356306,0.8968326,0.6092074,0.899527,0.6132358,0.8968326,0.6092074,0.8968326,0.6092074,Ball
0.9918497,0.4190633,0.95081,0.7133911,0.788206,0.8797551,0.5597572,0.9743122,0.3444507,1,0.05448474,0.8348204,0.001109898,0.5911205,0,0.3519485,0.06794994,0.1688497,0.08895408,0.1602206,0.1557892,0.117222,0.1950189,0.06946652,0.2861669,0.0297205,0.4053366,0.01066774,0.5943357,0.01839538,0.7372159,0.05961136,0.8016981,0.08151269,0.9066201,0.2382749,0.8926423,0.3556382,0.862541,0.3972706,0.8458153,0.394107,Ball
0.9862601,0.3758873,1,0.6626571,0.9989206,0.7509609,0.8827162,0.8928384,0.8505287,0.3622891,0.4542305,1,0.2205686,0.9663724,0.1378481,0.8857555,0.8505287,0.3622891,0.01929628,0.3858182,0.03209842,0.2964399,0.169427,0.1379374,0.8505287,0.3622891,0.4596568,0,0.6804248,0.02928584,0.7980823,0.1085983,0.8505287,0.3622891,0.901824,0.3391073,0.8810214,0.4548608,0.8505287,0.3622891,0.8505287,0.3622891,Ball
0.8212423,0.3583943,0.9153639,0.4945595,0.9801351,0.5982487,0.967647,0.7353414,0.9269945,0.79759,0.785519,0.9140697,0.6945207,0.9392543,0.4704753,0.9929388,0.3513003,0.9990059,0.1822004,0.9677923,0.09894444,0.9013552,0.04938271,0.8100853,0,0.5953438,0.03035555,0.3925468,0.05206563,0.2941788,0.1786605,0.1595469,0.2658837,0.1007516,0.3514147,0.02737833,0.547415,0.01018489,0.6533529,0,0.6533529,0,Ball
0.8886248,0.3628242,0.9744215,0.451295,0.9925706,0.6127545,0.9206886,0.7716992,0.8709845,0.3360347,0.6038097,0.9927888,0.4602207,1,0.1415678,0.8840161,0.8709845,0.3360347,0.007444209,0.6095243,0.01579404,0.3160818,0.03578041,0.2283667,0.8709845,0.3360347,0.2952268,0.02302387,0.4784431,0,0.6625023,0.05996889,0.8709845,0.3360347,0.8703184,0.2290004,0.8903524,0.3283647,0.8709845,0.3360347,0.8709845,0.3360347,Ball
0.8232539,0.2249524,0.8232539,0.2249524,0.8232539,0.2249524,0.8232539,0.2249524,0.8232539,0.2249524,0.8232539,0.2249524,0.8232539,0.2249524,0.8232539,0.2249524,0.8232539,0.2249524,0.8232539,0.2249524,0.8232539,0.2249524,0.8232539,0.2249524,0.8232539,0.2249524,0.8326567,0.2253411,1,0.4023041,0.8922775,0.8099148,0.271529,0.9679812,0.01934098,0.38241,0.4366358,0.000399512,0.8684068,0.09095285,0.8263803,0.09561782,Ball
0.7315266,0.08458713,0.8177415,0.1358733,1,0.3530739,0.9795203,0.502413,0.9626901,0.6798861,0.8665867,0.840003,0.6777946,0.9377488,0.3669553,0.9767113,0.2037721,0.877965,0.1514657,0.8078682,0.06577565,0.5566041,0,0.3658188,0.01494478,0.2244636,0.0524946,0.1079362,0.1828633,0.04404866,0.3490286,0.02627071,0.4989311,0,0.6523315,0.02697112,0.6828235,0.04904336,0.7129719,0.02373543,0.7129719,0.02373543,Ball
0.8887261,0.2580434,1,0.4698345,0.9429153,0.66094,0.8242462,0.8492584,0.7233589,0.9063415,0.4844633,1,0.265302,0.9765943,0.1006022,0.8417996,0.01478527,0.6892482,0.0248403,0.4774503,0.08916878,0.2839736,0.1290732,0.2222201,0.2570356,0.1139053,0.4116096,0.02754238,0.5603051,0.001700029,0.7144192,0.04185702,0.7803071,0.07064449,0.8565208,0.1907455,0.8742847,0.251539,0.8302575,0.2427403,0.8302575,0.2427403,Ball
0.9527134,0.3899678,0.993396,0.4550591,0.9636451,0.7073894,0.8289089,0.8708746,0.5931081,0.9601464,0.4706547,0.9919022,0.2300607,0.9719364,0.07206519,0.8413903,0.03046844,0.7678427,0,0.5515285,0.05391099,0.3496814,0.1184792,0.2804901,0.2045917,0.1246662,0.3692785,0.03147173,0.5729688,0.02674712,0.7625085,0.0974073,0.8101801,0.1425581,0.8496763,0.2530797,0.8671522,0.304597,0.8358462,0.3543878,0.8358462,0.3543878,Ball
0.9817286,0.4584709,0.9935421,0.5365966,0.9485778,0.8137356,0.7738953,0.963465,0.7738953,0.963465,0.488872,1,0.2097276,0.8690677,0.1177704,0.7975724,0.009700824,0.5570559,0.01820946,0.3587516,0.05761263,0.24052,0.2140338,0.09634381,0.4325438,0,0.6111485,0.02791485,0.8480543,0.1145425,0.9574275,0.2030266,0.975841,0.2494788,1,0.376362,0.9609318,0.4265653,0.9355235,0.4076777,0.9355235,0.4076777,Ball
0.9934992,0.5140522,1,0.678137,0.8576882,0.8415214,0.7653501,0.9069107,0.4916034,0.9826243,0.2444147,0.9508989,0.1406027,0.876797,0.08480456,0.7816086,0.01208455,0.5947483,0,0.4826623,0.9411616,0.2762938,0.1131417,0.2067685,0.2550972,0.08447121,0.3865234,0.03060547,0.5892431,0,0.6971074,0.008432283,0.8761371,0.09054092,0.9218387,0.1277013,0.9222094,0.2463247,0.9411616,0.2762938,0.9411616,0.2762938,Ball
1,0.5530075,0.5757077,0.9966488,0,0.5142542,0.3019014,0.03184906,0.6402077,0.0100517,0.6402077,0.0100517,0.6402077,0.0100517,0.6402077,0.0100517,0.6402077,0.0100517,0.6402077,0.0100517,0.6402077,0.0100517,0.6402077,0.0100517,0.6402077,0.0100517,0.6402077,0.0100517,0.6402077,0.0100517,0.6402077,0.0100517,0.6402077,0.0100517,0.6635873,0.04565916,0.7569854,0.1399681,0.9139814,0.3945189,0.908634,0.4414477,Ball
0.9592699,0.609985,0.8820759,0.8251067,0.7585428,0.9447894,0.5894142,0.9963079,0.3778003,0.9851699,0.885843,0.4518394,0.06924796,0.7065604,0,0.5474938,0.03582351,0.3959738,0.09064056,0.2367268,0.885843,0.4518394,0.333984,0.02324961,0.6113212,0.01422309,0.720022,0.02266372,0.8542634,0.1396567,0.885843,0.4518394,0.9845238,0.4510368,0.9934337,0.5220537,0.9534522,0.601744,0.885843,0.4518394,0.885843,0.4518394,Ball
0.9053241,0.6730719,0.8692862,0.8940362,0.8198727,0.9459941,0.651786,1,0.4083294,0.9714254,0.1596162,0.8287089,0.03268027,0.6701208,0,0.58926,0.06494634,0.324875,0.08103859,0.2101838,0.1808302,0.08377914,0.3564844,0.000335403,0.47136,0,0.6555797,0.07503811,0.790988,0.212732,0.9103658,0.3830481,0.9681995,0.5455689,0.9873559,0.6131443,0.9974175,0.704917,0.9734963,0.6764705,0.9734963,0.6764705,Ball
0.9690775,0.6355651,0.9284077,0.8179508,0.8291988,0.9515248,0.7275899,0.988196,0.389684,0.9316888,0.2525254,0.8573409,0.07747509,0.6884452,0.02723472,0.5936113,0,0.3934998,0.08209243,0.1710413,0.2707333,0.04182439,0.3633072,0.02874009,0.5667729,0.006488608,0.6892757,0.04428913,0.8839988,0.1426544,0.9320682,0.2718427,0.9802527,0.4109664,1,0.4903969,0.9801354,0.5749528,0.8901699,0.5763239,0.8901699,0.5763239,Ball
0.7886683,0.8648483,0.7145069,0.9358824,0.5173679,0.9695415,0.299899,0.9789936,0.09607317,0.8794768,0.001969118,0.7046924,0.0598896,0.4122558,0.1011623,0.2902827,0.2511744,0.07599807,0.3591239,0.01213339,0.5467311,0,0.7980078,0.1055689,0.9009795,0.2261002,0.9490758,0.4156471,1,0.5669588,0.9810579,0.7137271,0.9172284,0.863846,0.8791939,0.9105839,0.7785165,0.9263418,0.6699095,0.6331525,0.6699095,0.6331525,Ball
0.9776941,0.7767088,0.953624,0.8920846,0.7875722,0.9769779,0.6378583,0.9918201,0.3973221,0.9717485,0.177847,0.8421906,0,0.6243472,0.01841297,0.5555573,0.03607656,0.3271021,0.1596845,0.1503566,0.8743969,0.5143545,0.4402219,0.002552437,0.6474161,0.005008689,0.7355198,0.04276332,0.8837332,0.1349533,0.9639881,0.2608466,0.9881865,0.3314299,0.9803597,0.4766721,0.9109427,0.5350472,0.8743969,0.5143545,0.8743969,0.5143545,Ball
0.9429778,0.6349444,0.921672,0.8638438,0.8916339,0.903915,0.7234057,0.9669415,0.5242724,1,0.2855291,0.9252304,0.09267078,0.7671241,0.02331908,0.5716341,0,0.5144891,0.08971528,0.2689008,0.1983908,0.1300154,0.3734033,0.05204435,0.5472018,0,0.634747,0.006364175,0.7876,0.07512362,0.8691392,0.1842324,0.9271797,0.3076285,0.9891847,0.4771142,0.9943866,0.5642591,1,0.5523809,1,0.5523809,Ball
0.96716,0.5938727,0.9627412,0.7463949,0.9171691,0.8657677,0.6903515,0.9506766,0.430973,1,0.2770661,0.9556761,0.06900477,0.8525481,0.005759348,0.6520973,0,0.5775037,0.0652639,0.3315988,0.259757,0.07098171,0.3548667,0.03082301,0.472528,0.009616831,0.7553963,0.06029027,0.8340747,0.1244159,0.9117909,0.2282196,0.9397845,0.3264179,1,0.467095,0.9512838,0.5317952,0.9576461,0.4745272,0.9576461,0.4745272,Ball
0.9368514,0.4911453,0.9702105,0.607712,0.9467529,0.7687263,0.8803532,0.8831545,0.7713369,0.9332858,0.5062916,1,0.2097397,0.9921126,0.1169139,0.9484619,0,0.7861896,0.03509331,0.6105359,0.0809221,0.5082579,0.1630248,0.2717083,0.3008191,0.06987379,0.4419551,0.01737953,0.7034253,0.03195741,0.8148007,0.07021568,0.934872,0.1916369,1,0.2989063,0.9980769,0.3586386,0.9531866,0.3530624,0.9531866,0.3530624,Ball
0.9761473,0.5684842,0.9901282,0.6671945,0.9238735,0.7773734,0.763107,0.913372,0.6717969,0.953732,0.4143237,0.9797413,0.1921827,0.9008373,0.06746232,0.6842479,0.01350476,0.5762765,0,0.4602079,0.9448516,0.373348,0.2728065,0.1009228,0.3566289,0.08563667,0.5749521,0,0.7888544,0.07938004,0.9230179,0.1916156,0.9857903,0.2874543,1,0.3639985,0.958721,0.4378919,0.9448516,0.373348,0.9448516,0.373348,Ball
0.9935741,0.457755,0.9900455,0.7130837,0.9417242,0.7746184,0.7850425,0.9090378,0.4947111,0.9970347,0.2419085,0.9843512,0.08745753,0.8824808,0.02549281,0.8005109,0.01644325,0.6553817,0.02401296,0.476267,0.8691049,0.2854781,0.2753304,0.06366941,0.4954911,0,0.713202,0.04059025,0.785259,0.09421284,0.9115155,0.2939506,0.9241733,0.3520252,0.9480668,0.4455246,0.8957903,0.4495078,0.8691049,0.2854781,0.8691049,0.2854781,Ball
0.9364274,0.7429065,0.8905851,0.8734133,0.7395771,0.930531,0.637619,0.9694941,0.4106478,0.961602,0.174802,0.8138076,0.03516376,0.6206596,0.01993141,0.3849607,0.07580036,0.1874158,0.1574126,0.1267306,0.3282797,0.02748168,0.5681193,0,0.7661005,0.07323293,0.9164186,0.1869323,0.9671619,0.26299,1,0.4146273,0.9844459,0.5803308,0.977326,0.653116,0.9240708,0.7025715,0.8772576,0.4689611,0.8772576,0.4689611,Ball
0.9131603,0.6121457,0.8819664,0.8002433,0.8112075,0.9346412,0.633409,0.9917436,0.3794869,0.9980407,0.2939902,0.9460879,0.0803884,0.773248,0.007608572,0.5817975,0,0.5398694,0.1297736,0.2023048,0.1428104,0.1377711,0.3092383,0.06450174,0.5519421,0,0.6736527,0.02265309,0.8654575,0.1249089,0.9613169,0.256551,0.9932584,0.3203912,0.9732985,0.5350918,0.982539,0.5807098,0.9710257,0.6177307,0.9710257,0.6177307,Ball
0.8879448,0.5423526,0.8549529,0.7439365,0.8248985,0.8713859,0.6844668,0.9516784,0.5797892,0.9741797,0.3889391,1,0.1436764,0.8980226,0.06875756,0.8319277,0,0.6219983,0.008565376,0.3931054,0.1008865,0.1740042,0.2694202,0.0281084,0.4070773,0.006888628,0.739978,0.08423115,0.8137571,0.1473024,0.9304642,0.2652806,0.9704931,0.435863,0.9830974,0.5240055,0.9883269,0.6896045,0.936386,0.6217353,0.936386,0.6217353,Ball
0.9746149,0.6507581,0.9467236,0.8315344,0.8847076,0.9390019,0.7173325,0.9818771,0.4707189,0.9883538,0.2279901,0.8877867,0.08317118,0.7315859,0.08317118,0.7315859,0.06310586,0.3680934,0.1188703,0.1803782,0.1839879,0.1317875,0.4069608,0.01465951,0.6757219,0.02895778,0.8871641,0.1151058,0.9226583,0.1793756,0.9551384,0.3356455,0.9807966,0.3934839,0.9922358,0.6721427,0.9481043,0.7578475,0.9279699,0.680905,0.9279699,0.680905,Ball
0.8631085,0.542318,0.8586869,0.6593482,0.8088092,0.8649054,0.7543967,0.9080424,0.5963024,0.9585336,0.3475967,0.9464361,0.1171364,0.8375198,0.05556196,0.7559905,0.01145025,0.532343,0,0.4604644,0.1079277,0.192266,0.1713081,0.126583,0.3292448,0.03128378,0.6663051,0.04493311,0.7556595,0.1022258,0.8458587,0.1664111,0.966243,0.3174504,0.9925784,0.4997959,1,0.5648618,0.9584422,0.5900871,0.9584422,0.5900871,Ball
1,0.6114818,0.9686821,0.7725253,0.9052088,0.8640401,0.7561036,0.9448378,0.6251608,0.9975101,0.3624146,0.9919279,0.188559,0.8876112,0.1214485,0.7973105,0.03342528,0.6229596,0.09011281,0.333562,0.1254752,0.2481682,0.2487433,0.09570294,0.4569277,0,0.5518711,0.01537918,0.7261859,0.08464717,0.8360203,0.2341546,0.8653324,0.3114061,0.8760496,0.490496,0.849138,0.6081738,0.8357936,0.6225765,0.8357936,0.6225765,Ball
0.9444455,0.6956842,0.8990929,0.8300766,0.8618351,0.8901163,0.692362,0.9846851,0.4087162,1,0.2894212,0.984688,0.06899538,0.8276743,0.03739557,0.7373402,0.003962454,0.5175223,0.08150222,0.328137,0.9771047,0.5829741,0.2703539,0.1273679,0.5422704,0.02188887,0.671433,0,0.8770126,0.07839504,0.9516813,0.217975,0.9864566,0.2998064,1,0.4525888,0.9805499,0.5008737,0.9771047,0.5829741,0.9771047,0.5829741,Ball
0.932851,0.780399,0.8821734,0.8664179,0.8089305,0.9172399,0.4687787,1,0.3236413,0.9863902,0.197619,0.9407673,0.03324138,0.7707552,0,0.5629839,0.02532302,0.4559561,0.1360861,0.1954544,0.2946909,0.06672904,0.4183483,0.03027983,0.6282964,0.02967571,0.80917,0.1273757,0.8834115,0.2027127,0.9642004,0.3273446,0.9894772,0.4898382,1,0.5573487,0.9715866,0.663368,0.9597155,0.682052,0.9597155,0.682052,Ball
0.973931,0.609647,0.967517,0.7799186,0.9499168,0.83525,0.7997628,0.9345028,0.7147751,0.9688971,0.5002291,0.9883333,0.2912652,0.9391965,0.1134282,0.7765208,0.01434396,0.5818988,0.05412525,0.3706518,1,0.5841852,0.1923889,0.1584383,0.3368777,0.06883656,0.454649,0.02853369,0.7547141,0.08834961,0.8389337,0.163426,0.9428063,0.3245353,0.9837387,0.4698528,0.9713313,0.5359525,1,0.5841852,1,0.5841852,Ball
1,0.6228092,0.9731498,0.8167675,0.9366881,0.889382,0.7674913,0.9736447,0.5328821,1,0.2974063,0.9444247,0.1838281,0.9045721,0.04692288,0.7297037,0,0.5138974,0,0.5138974,0.9331001,0.5443117,0.1673144,0.1165592,0.2476543,0.05891797,0.3904672,0,0.5856969,0.04127793,0.6856515,0.09511171,0.8288807,0.2474241,0.8900643,0.3952785,0.9160791,0.5116346,0.9331001,0.5443117,0.9331001,0.5443117,Ball
0.8925013,0.7603978,0.8393027,0.8719815,0.7549381,0.9120861,0.5779808,0.9822454,0.3501193,1,0.9562769,0.6794348,0.1008773,0.8839654,0.01580092,0.7193699,0.01046228,0.5557686,0.04108659,0.3166789,0.9562769,0.6794348,0.190629,0.1675868,0.2821001,0.09935758,0.544395,0,0.784205,0.07992245,0.9562769,0.6794348,0.9848585,0.3661417,0.9992632,0.5743726,0.9844977,0.6563085,0.9562769,0.6794348,0.9562769,0.6794348,Ball
0.9408593,0.6317251,0.8662159,0.8729509,0.817343,0.9168487,0.6565036,0.978737,0.4003823,0.981571,0.2995505,0.9709587,0.07536997,0.823138,0.01786531,0.6827506,0,0.4077803,0.03098357,0.223336,0.1309868,0.1595907,0.2913971,0.04387828,0.546129,0,0.7417142,0.09000082,0.8497044,0.1626318,0.9598778,0.3972918,0.980243,0.4758597,0.9794065,0.6376977,0.9457701,0.6776682,0.9588926,0.6667616,0.9588926,0.6667616,Ball
0.8122552,0.8011933,0.7528542,0.9375611,0.6081495,0.9842503,0.3993642,1,0.1189299,0.8445005,0.03186216,0.7094224,0,0.5588177,0.06184482,0.3214292,0.1760926,0.1084135,0.2926425,0,0.2926425,0,0.8684041,0.08681598,0.9455305,0.2813049,0.9936865,0.4663297,0.996461,0.703501,0.9892595,0.8268496,0.9477229,0.8934125,0.8894819,0.9356385,0.7783264,0.8678305,0.7449346,0.7263739,0.7449346,0.7263739,Ball
0.7745495,0.8889136,0.6801841,0.9667739,0.6196522,1,0.2998714,0.9453197,0.2111101,0.8748939,0.09350833,0.6917697,0.03811185,0.5203388,0,0.4396752,0.03547188,0.2704748,0.03547188,0.2704748,0.3355729,0.08318291,0.4315962,0.02352947,0.7354801,0,0.8709209,0.1553034,0.9545797,0.3412293,0.9846855,0.5134416,1,0.6635468,0.9791953,0.8155562,0.9430957,0.8820939,0.862843,0.8212637,0.862843,0.8212637,Ball
0.7224721,0.8383116,0.6691857,0.9693669,0.5452681,1,0.3557201,0.9754429,0.08427002,0.7958579,0.02248603,0.558614,0.008390518,0.405546,0.06872542,0.1472318,0.06872542,0.1472318,0.06872542,0.1472318,0.06872542,0.1472318,0.7179979,0,0.8327602,0.1646187,0.9360367,0.3033097,0.9777804,0.3869193,1,0.4884262,0.9858766,0.7529846,0.9189036,0.9006106,0.8309417,0.9700112,0.7011507,0.927559,0.6659204,0.8484612,Ball
0.6944107,1,0.6944107,1,0.6944107,1,0.6944107,1,0.6944107,1,0.6944107,1,0.6944107,1,0.6944107,1,0.6944107,1,0.6944107,1,0.6944107,1,0.6944107,1,0.6944107,1,0.6221727,0.9654084,0.2498565,0.8394034,0.01893695,0.3770073,0.461022,0.005536065,0.9035241,0.1795214,0.9936623,0.6596152,0.7599462,0.9859103,0.717577,0.8312595,Ball
0.9049221,0.5249571,0.9767533,0.6891901,0.9803942,0.7864906,0.9395373,0.8502437,0.7523784,0.9811979,0.5750563,1,0.3520633,0.9496469,0.2509689,0.9288723,0.09771293,0.7304811,0,0.5451052,0.05891486,0.3041394,0.1170622,0.1582681,0.2083525,0.07912523,0.4259988,0.000773917,0.6970457,0.02150132,0.8125229,0.07490501,0.9065126,0.1927888,0.9358341,0.3925984,0.9285177,0.5073171,0.8890442,0.549642,0.8890442,0.549642,Ball
0.8399208,0.6978262,0.8337079,0.8799637,0.7526366,0.9334483,0.5527682,0.9866154,0.3206119,0.9278279,0.168131,0.8512006,0.02645481,0.6092691,0.008902823,0.3675832,0.07193057,0.2166787,0.1567665,0.09455264,0.3527946,0,0.5219027,0.03094229,0.8321314,0.1753846,0.879964,0.2403149,0.9747249,0.4888414,1,0.6006417,0.9470675,0.7104951,0.8917794,0.7583331,0.8276164,0.7765592,0.7975873,0.7216392,0.8278929,0.6171341,Ball
